feed_quality,health_score,temperature,humidity,growth_rate
3,4,29.265873065455935,61.81961361979343,2.63
1,8,20.90806562937385,48.28228333532131,1.59
3,7,25.800583872978116,61.7589244513987,3.41
3,5,38.620199417706,49.26396099055596,2.06
1,7,27.83647926567,73.95695477904292,1.53
1,3,30.934010411135368,55.89085891361839,1.12
3,2,30.640433579685038,49.82202503777964,2.22
2,6,31.808621796453867,72.49304720988246,2.01
3,2,21.226619112865652,53.71355859221803,1.67
3,3,27.243525095974565,44.45950751355128,2.03
3,6,34.46256547765108,62.81637965614566,2.52
3,5,24.01120502145966,63.26256817751955,2.83
1,8,24.07156755092721,68.58782700942936,1.28
3,9,20.201812133780493,49.60877732833542,3.16
2,3,28.749638532164195,57.7508535636898,1.92
1,10,37.65468761346844,51.29471676170625,1.77
2,3,21.038018871746182,43.238149444627524,0.98
2,3,23.82237418992005,75.06455308063566,1.35
2,6,26.2016907668551,69.15479217953364,2.09
2,1,34.634494731284256,52.05852237835202,1.11
1,7,32.812711856051735,63.97491971487945,1.49
1,1,28.318878091637103,48.05055152537889,0.54
2,5,35.18137878516751,75.60946487183084,1.51
2,10,32.19262023313804,44.59625373447641,2.59
1,8,37.92081599314438,40.153485820312035,0.77
1,4,36.360534982773856,60.08032790956729,1.19
1,5,25.056272121784012,63.32511293811477,1.43
3,4,25.428771552684005,63.15861281183217,2.32
3,4,22.507129515847712,42.18047709751305,2.15
3,8,26.73929451434913,52.561752276737295,3.27
2,2,39.990878374381886,59.967957873653276,0.85
3,1,28.11502337230122,48.66316742508964,2.03
2,3,24.409768693782127,74.90503541943585,1.36
2,9,35.24965768951106,43.48437157845736,1.93
3,4,30.84942006925312,59.495377666881716,2.57
2,10,22.99202899053905,67.65664230052607,2.38
3,5,27.613793623217315,50.47004400537929,2.91
3,2,28.289394310786868,64.96962947990073,2.16
1,4,35.07659401138437,73.17540600569498,0.84
3,2,20.41342737783809,47.6134790038019,1.44
1,2,25.38039293596621,76.68882367299452,0.5
3,4,30.35192602631044,62.142341306494316,2.54
3,6,25.376934849056866,51.969280172042424,2.67
1,7,32.56868094837998,57.23433101529083,1.39
1,10,29.63734958549233,52.48767535145552,1.83
3,3,27.234205097191612,69.00444639733264,2.48
2,3,38.984172537410245,71.85202653660528,1.26
1,10,32.643189983729144,73.31749569274643,1.69
2,6,22.598827445358825,79.43072998342964,1.42
2,3,31.201833948867908,71.65137169986734,1.82
2,2,35.61463706401802,64.05536282754254,1.06
1,8,34.16979394985594,53.56881193567135,1.17
2,5,23.44178458590519,61.78381794842998,1.48
1,1,39.448399980802066,41.642726911616215,-0.07
2,3,28.976272914932117,69.79300302119653,1.56
3,10,23.180500074805227,57.83822180368407,3.52
3,8,23.60391508256296,40.8009291892875,2.82
1,4,21.96469984378161,42.50027766041643,0.71
3,7,36.070362168698686,55.49865855287027,2.6
3,10,22.440609886436974,63.3368607607374,3.48
2,2,22.502505142834938,58.56815795808507,1.77
1,7,37.009432295216754,64.7681726916862,1.41
2,5,26.892081688951194,59.21177035165423,1.99
2,5,20.61715808616145,66.46815381925387,1.81
2,6,21.037905990368216,48.76504258683204,1.65
2,9,22.84340893407791,44.51372748734486,1.96
2,6,24.26786695951379,63.8573581850264,1.86
2,8,33.302923884768106,59.3875806774523,2.25
2,7,23.146525600036565,41.07470616179741,1.85
1,9,22.37748782354144,55.219275419721434,2.09
3,4,35.29438282952558,44.24502341963982,1.84
2,2,33.421105677198284,61.25427327010781,1.67
2,7,28.706484429104723,55.83110718641723,2.27
2,6,30.986195429602077,64.52607644412072,1.66
2,1,26.23968040652837,72.22408875080953,1.12
2,9,29.650008404707215,51.98674735365963,2.74
2,9,30.133452979654916,78.4840841666011,2.34
3,2,27.744745423561916,61.42538002350298,2.44
3,3,38.13144421344326,64.73163195019151,2.21
2,5,20.321237299620122,67.22689492902948,1.41
3,5,35.64342526182492,66.66926119430359,2.12
1,1,22.487656624826485,60.438829721802485,0.11
2,8,35.95094721074399,57.150571644587345,2.32
1,8,32.31823831353442,42.15127856709512,1.44
1,4,36.86556181872805,40.88343381204719,0.62
2,7,21.95028651281795,54.31844778131058,1.8
3,10,31.17961268199548,53.34643562534771,2.99
1,3,30.02175760524394,55.50780619356027,0.7
2,6,34.12386365926717,45.5347280355276,1.52
1,10,30.685811037873517,69.52673082147375,2.19
1,10,30.814691342662083,74.27857659104956,1.97
1,9,28.591918871521294,77.5485854149614,1.58
1,1,26.176688480146815,59.69449214078503,0.81
3,5,29.645287225043845,68.03462796501714,2.47
1,4,22.36984717536801,74.2220449374349,0.81
1,8,39.2302667796617,56.73164444373944,1.05
1,1,34.288215272531964,52.37651179481777,0.53
3,9,39.04934233375694,77.4689822341396,2.38
1,6,24.534547646599265,60.62706204308292,1.58
1,4,37.58682040353056,59.89015546363512,0.73
3,9,36.17579969127077,47.13664386253983,2.63
3,5,33.54304824915347,44.32620058293427,2.58
3,5,32.50058372170412,73.68427449934046,2.39
1,5,26.3309933053574,64.56532704750072,1.21
3,1,36.328215699300614,53.03298336077795,1.85
3,1,30.03030922959468,47.66944869561066,1.63
1,8,21.417831517825707,62.219891206785256,1.75
3,8,26.2572632171026,63.35677157044542,3.12
1,6,38.70594197090655,48.279744049802325,0.95
2,4,37.01360521209693,74.05622991565896,0.96
3,2,39.638113961530784,43.37057464623405,1.41
2,2,32.55986765208196,54.24372340665687,1.36
1,9,24.950201462808238,67.21537655050088,1.96
3,5,23.256300993537277,50.964814552768026,2.57
1,4,23.738288812169234,73.10700779125088,0.75
2,10,20.39591316694509,69.59471306401613,2.39
1,1,27.813642219718783,71.56091378192536,0.86
3,7,23.82855360999085,44.76426143506865,2.6
3,3,28.23310920913405,45.62188511982172,2.19
2,6,38.69988863677531,51.458949509783345,1.22
1,5,28.6108041901438,60.723086607902445,1.35
3,5,37.559689939696696,69.9206430679761,1.83
2,5,32.11009533231753,73.46123563043614,1.65
3,1,24.94263109322784,68.17341263828722,2.13
3,1,27.117095185184226,77.14387526122553,1.44
1,3,21.678390716428588,69.5497403846372,0.89
3,10,26.66925187192021,52.25071548018459,3.31
1,4,33.55081891007068,50.6032513735429,0.83
3,5,21.442221858588702,67.8476980120436,2.26
2,2,24.108028169560587,47.71482274758457,0.92
3,8,27.628820828266228,43.708592432410796,2.8
1,2,39.64099074031925,61.288914994247754,0.81
1,9,35.6972364591776,72.86566279115821,1.19
2,2,34.66973492984208,44.05519369879454,0.73
3,9,22.32381913050892,71.67565295182916,2.96
3,7,35.61991787229983,72.46288017406192,2.5
2,8,35.705376230320304,59.290960003261745,2.14
3,2,32.02205391248657,42.29241240041947,1.85
3,7,39.80723563996744,46.98359404988746,2.43
1,6,26.50507811849104,68.29705100647729,1.24
3,4,38.82544896483704,68.47111779963798,2.03
3,7,38.29462229913007,75.93421100670662,2.52
2,4,20.229613194987557,63.307445862183314,1.35
2,2,29.00233052949622,44.964294708551094,0.88
1,10,39.54208466103147,44.85659622019889,1.45
3,7,22.062427248161516,68.84529429427295,3.18
3,8,30.95569388766639,47.35138660431605,2.9
3,2,39.57915014082208,53.13541998466421,1.72
1,5,31.109908482117206,59.48848027687656,1.23
1,1,23.79630605944312,40.99059510304605,0.58
2,7,31.643664601851796,49.95276108079727,2.05
1,8,24.088811478990937,56.3155843402912,1.59
3,6,30.394085257889685,51.18545273972825,2.89
3,5,21.48084435824696,45.45481309870263,2.14
1,6,32.109653384288094,69.1204903118479,0.96
3,2,30.335798782563163,72.5259062067194,2.21
3,1,34.80322737522926,50.29915904574899,1.6
1,7,32.6140094231757,70.97677978425213,1.1
1,7,30.992125370615135,55.42214257605255,1.93
3,10,33.79557698496242,60.26743163416011,3.27
3,10,22.878838271444618,74.24004299572611,3.16
3,2,31.90719322517208,69.99814727209632,2.01
2,2,23.442212056455553,72.2046740526471,1.05
2,1,38.51044415703762,45.47380666345427,0.87
2,10,21.366682096912083,42.78877703334918,2.29
1,8,28.607494993815866,75.73618916351948,1.42
2,8,33.915949553108895,55.51337078284377,2.3
1,1,29.160444233365176,51.51518712278723,0.52
1,8,21.841905064658047,68.98785017047298,1.19
2,9,31.06758032253415,73.45662386319427,2.09
2,4,32.83263817654709,74.49958487593204,1.52
2,1,34.07584621981015,52.639885645009095,1.02
3,1,27.46519628925518,74.08849564806695,2.24
2,3,31.273199420575246,41.637357774973815,1.31
3,5,29.01372949877826,41.98645965838875,2.28
1,5,33.441120775045064,64.94076780696618,1.11
3,9,31.67113934649637,42.52425476462185,2.66
2,10,30.515124391182695,52.98436674040646,2.62
1,2,24.99048733676497,66.91023944987697,0.78
1,2,20.04037035496468,53.490675842169054,0.51
1,6,23.481633506228587,47.183991257603836,1.38
3,9,22.341320828483372,51.254024874153664,3.51
2,1,28.981694900218933,58.303013290017276,1.6
1,9,32.24516301523689,59.0154342142193,2.05
1,9,24.261700173696163,71.32000925388809,2.15
1,9,38.78114191934374,70.0061291772605,1.11
3,5,20.133642584477755,58.27271218224541,2.45
3,9,35.44602030330686,73.82669396395086,2.71
2,4,32.504095390608846,44.56948554365583,1.63
3,2,27.471096020953638,50.214134009156055,2.23
1,6,21.009778888248157,73.11905854009007,0.82
2,4,32.54973143568559,55.119761545046124,1.68
1,6,27.71227025731296,79.24726235175369,1.41
1,3,38.725342788264385,58.650131261113415,0.33
3,6,30.839801497795317,71.67742491855057,2.46
2,2,38.79303022587017,56.092281655294876,0.89
3,2,24.409673869466083,56.998140762497215,2.23
3,9,34.514518207282066,55.31532589136734,3.28
2,7,32.344980416974515,68.76302482043246,1.66
1,3,34.78816459662624,61.90071536239978,0.79
1,1,24.293357279450735,77.75112445473476,0.12
2,8,33.299890324755474,50.03561266136419,2.34
1,6,29.96080786113738,44.022509283337776,1.14
2,7,34.856499498126325,55.73045940396861,2.05
2,9,26.540892883036356,64.66850830587104,2.58
3,5,37.80114050930505,74.4319574766198,2.3
2,1,21.68602629222701,53.84787546721311,1.52
3,10,36.143786375823765,66.15147004497847,2.84
1,7,37.226392516301814,54.00794724092876,0.98
1,5,36.345046227336425,64.68878331977832,1.0
1,3,30.254527885235518,75.39231788122603,0.57
1,9,28.767699600615227,49.25430569037636,1.98
3,1,39.92524573049754,56.16966568428157,1.8
1,1,24.583439024283244,79.73060785718985,0.18
2,1,30.93751931752089,74.74228112997844,0.96
2,3,33.41351050764651,62.58559431584808,1.47
2,6,34.01735271722864,60.665103674171014,2.01
3,10,24.080493314771573,51.38401529218724,3.29
1,3,33.07988184679603,60.688377107741175,0.43
1,8,36.36739132962674,73.92725993119788,1.01
1,10,21.000371536422243,67.40698053111123,1.62
3,2,38.23042586650633,51.60176112711946,1.56
2,9,20.59008110290412,48.058556842141314,1.57
2,3,27.11942064976789,50.60834147987316,1.24
1,5,20.316263924659243,46.79036805571306,0.54
2,10,21.542903370791638,43.82562784094864,2.23
2,8,38.22336570360158,56.7654469776822,1.94
3,2,27.097216614922957,44.53198417593071,1.92
3,6,28.49543060850106,46.876502309084174,2.87
3,5,24.30688762765105,61.892987373579444,2.79
3,10,31.941915403734395,46.58397094798299,3.16
1,9,31.896064293555792,42.555190697236114,1.53
3,5,27.444007836504383,52.69555400111541,2.5
2,2,26.660697436107966,48.8127639448787,1.26
1,5,37.69928616361176,60.61220751977507,0.61
2,4,27.665684792844026,44.09468338332837,1.62
2,7,29.870019843088166,70.07083150731913,2.31
2,6,25.666095248498614,76.24934077740554,2.13
3,2,35.735390067142546,69.73740695824777,1.77
3,5,27.948963137981835,61.31308149605577,2.92
1,7,30.27222093088649,74.4267128715554,0.78
1,7,25.067143401193228,67.7967351912603,1.36
3,5,39.75319184682503,40.42204489800759,1.78
2,9,25.829914818474457,55.76360611098012,2.86
1,4,35.41485061811103,74.03807597627201,0.73
3,3,28.54991300713518,53.83435431901077,2.5
3,4,24.1243481016828,41.40860694102094,2.22
3,5,35.99437527929722,69.8471855420909,2.26
2,6,26.672135780580863,72.08153081131474,2.3
3,3,37.30386694795622,46.42374780173234,1.35
3,2,38.30514369835646,61.49361987372725,1.88
3,4,37.19647670782552,47.67821755982903,2.22
3,5,20.700158296136113,68.76937676176587,1.93
1,4,35.74746690010211,50.862018207099425,0.9
1,3,28.22678932998288,52.6486049025332,0.84
3,8,37.474458403644505,73.79883414560405,2.57
2,10,32.75908525369478,59.052894088276176,2.49
1,4,36.67286268287917,66.79017804872991,0.92
3,2,29.988635397336708,56.09492202889871,2.16
1,2,30.700510091978657,51.92027428775022,0.87
1,1,22.887752642673345,65.01912241698645,0.58
2,4,35.679747173787106,46.19430296315285,1.18
3,10,28.387792233339432,54.91999342267452,3.58
3,9,30.00160236543165,48.36148149543689,2.98
2,7,35.701954281914155,67.83179867762982,1.92
2,10,31.97690800158878,77.7683535338443,2.28
3,7,24.02197454885335,79.82043872063466,2.73
3,7,31.804653183017855,58.01107241766363,3.03
2,8,28.152657159593115,50.10121558545778,2.39
1,1,29.390510840877255,57.713174815372966,0.6
1,10,20.566225488053355,73.89077639850896,1.3
2,10,24.200586990325633,48.240227142081594,2.5
1,8,25.620761627620567,78.08382606611696,1.29
2,4,34.25920015717612,53.67463075192604,1.18
1,4,20.229849465962307,79.43214637801219,0.26
1,4,28.175545224582642,73.5443555013585,1.35
3,6,38.48053740851466,72.34282136589562,2.1
3,7,22.237612330982476,52.716186950931345,2.93
1,6,30.32848776437222,40.35108847791718,1.02
1,1,35.730447647816945,55.28531635303951,0.62
3,8,38.850626150402334,52.07237478650775,2.83
3,10,34.93553279067436,41.49587961635189,2.72
3,7,34.411310972888124,60.21461026023719,2.43
2,6,36.52976180391525,56.121252451309466,1.42
1,6,28.924024419550875,65.38225870966099,1.28
3,5,36.11689065235666,64.84745288776332,2.73
1,6,20.159288094909023,44.829865435867205,0.82
2,9,38.4912211075361,79.0786218450649,1.87
2,10,28.866130190343505,47.477257177657876,2.87
3,9,31.067603757314952,57.810960990588185,3.27
2,10,25.097644978297645,59.524701737349396,2.76
1,8,34.85061665680843,72.52251188856481,1.43
3,10,21.532716129504976,43.96918384378587,3.01
1,9,37.4527160509367,57.14577116834127,1.5
1,10,36.56233658012685,65.14008680944815,1.52
2,8,24.321202324895328,48.60622486496222,2.2
2,8,36.18648796570525,65.09871595064291,2.31
2,1,35.72715466122963,76.94659350198611,1.18
2,10,32.64433195507898,79.900725246907,2.33
2,5,27.47040353799375,41.29804307162703,1.9
3,4,25.42997508363736,49.4235291297871,2.41
1,2,24.635671805787,52.4122846316679,0.66
1,8,26.372179255272144,55.96504401779865,1.84
1,3,38.0711688686506,49.69028630339069,0.68
1,4,21.552815519775624,48.1395197822125,0.56
2,7,36.57742552505917,78.1821536967,1.37
1,10,26.97780150083647,76.74086411082072,1.71
3,9,30.431987920227165,41.879700040124696,3.01
3,2,35.889712672969814,53.55252086419392,2.05
1,3,37.687530940459425,56.20594214713627,0.39
1,4,26.89562840145294,49.560581386637736,0.54
3,10,29.23686962550221,65.15491587952702,3.33
3,1,28.290321296335847,65.61522986576963,2.08
2,7,20.26502067007821,74.02016913314388,1.55
3,2,25.91885777717313,69.63477073540872,1.95
2,5,29.183784674651235,61.702933078638225,2.23
2,1,28.221872177608795,66.1434708017768,1.43
2,3,34.43858455031359,50.95955126172072,1.42
2,2,27.696072344422063,63.72224759869431,1.54
2,1,29.787528979413405,59.56909018999677,1.3
1,7,28.592171842647268,45.33377869265482,1.35
3,5,34.81252297788741,49.70177106331883,2.4
2,1,37.25944797973925,51.66773802886344,0.62
3,6,30.637781580150282,76.97238268210232,2.86
3,5,35.78864388390382,49.21546557543557,2.36
2,3,25.93573364039701,51.56975611278673,1.47
1,7,30.827392203145372,54.77416520357729,1.67
2,10,26.90459907339945,66.54970954501547,2.96
1,9,28.284018511436607,44.72953569888562,1.66
3,9,34.64827729625337,78.15780849975104,2.71
1,9,37.63324964665425,74.62284880379059,1.57
1,2,22.429907821755307,63.088642920358005,1.08
1,3,32.69278512974761,66.96151469699828,0.78
3,7,31.64287615155597,40.66641884976864,2.35
3,5,22.368300783518638,53.557791013937944,2.35
1,2,24.23788660880218,71.82640922645768,0.78
1,3,26.220049894653606,43.09931895169544,0.52
2,10,23.33862141635003,51.29255336842881,2.45
1,6,24.874589650486836,63.41187313337245,1.43
2,7,25.35201597723415,50.256521107957674,1.94
1,9,26.713476660781193,77.35911896578077,1.86
2,1,34.98780905602318,45.242345232171616,1.04
3,7,31.438244077012016,71.89577431631115,3.14
1,8,39.72493343902803,60.31794767625633,1.46
1,3,28.29471653934942,70.01323103279825,0.74
1,4,35.0773014767385,52.4286131324579,0.9
1,10,37.429368427530676,60.579584092481554,1.91
2,6,33.57956986076084,74.27341398892705,1.94
1,10,28.23729480834992,58.675123964924175,2.01
3,7,35.07189261491506,54.38879447641078,2.5
3,4,24.073342755453698,61.44621545010944,2.25
1,8,26.551043303602647,68.69451012145467,1.97
3,5,30.933705101985776,57.74253381994011,2.78
1,1,31.508187745722967,77.55507900569091,0.16
1,4,20.44282950945259,51.797832961693686,0.78
3,3,38.902283775120175,59.01854424676482,1.96
1,9,33.9325454243478,70.27710637365766,1.35
3,8,29.914075004637823,67.56484361983033,3.06
2,1,38.662544688166165,74.54564209668624,0.76
1,6,28.78191130501657,79.87236722724435,1.55
2,9,39.60871140540743,57.074333151803586,1.98
3,7,30.2456951448697,44.44603519133247,2.38
2,4,22.28571539995959,41.21663523231872,1.13
2,1,35.29601944918554,69.07507624559086,0.83
3,2,33.57795450155681,74.96054685234863,1.74
2,5,35.45973442611174,48.828503437776746,1.34
2,5,39.02884057451362,46.33792148759624,1.49
3,8,35.52978605302036,42.48820366102764,2.35
2,6,32.226732044332934,72.90811686868825,1.83
3,8,37.14617804721682,52.45527759570337,3.09
2,2,33.46492878709063,56.067875710391064,1.46
3,3,28.162381136518462,60.1100076643845,2.63
3,6,37.712395284835466,73.57812936838204,2.61
2,10,24.438009215687458,66.0333288624594,2.85
2,3,34.29282549817448,64.60258519431245,1.56
2,6,37.63126909881514,47.02688399823643,1.5
1,6,34.626330394065924,60.52759566839319,1.25
1,2,33.94550838107714,68.61524068714621,0.52
1,7,35.05276588143672,78.93043532121968,0.94
3,2,29.301104966012886,48.05625236853409,2.14
2,6,37.48341364314052,40.38173412268907,1.5
3,1,24.068729502721823,43.01205734393879,1.46
1,3,22.547728320006787,55.03409860727917,1.1
2,2,25.71017560237023,72.82178590983949,1.41
3,7,30.631547935499864,40.285683270729805,2.57
2,4,30.21123590818676,58.26922371543361,1.9
3,8,36.41197515353173,53.169224613655786,2.93
2,6,28.09137312808035,42.0992684039891,1.64
1,10,29.686888525830174,58.00945146690469,2.05
1,4,20.267353665187912,50.18994829346875,0.48
2,5,28.19478472885878,54.07539337388026,2.55
3,9,32.95548465900684,68.22461219137172,3.07
1,7,20.310166612531845,60.862039356438686,1.11
1,10,25.617639303724875,44.985897159712536,2.5
1,9,24.1591271857878,78.45658161694556,1.38
2,7,20.839708578191765,65.43643062838953,1.94
2,1,29.58520179829075,70.63473702650126,1.23
3,8,23.63446586456313,43.168526000334836,2.58
3,4,34.8616307926276,41.88233517840076,2.04
3,3,36.958557675266974,40.777922014723245,1.28
2,7,30.911703653382958,47.551761110937775,2.27
2,3,39.63414685042283,56.57633590873981,0.97
3,8,29.009571429411906,77.43304533611291,2.82
3,6,30.26736420449831,58.28238637063105,3.0
2,5,39.784355079155006,51.610204214901174,1.35
3,4,24.630968719300977,62.47741014078653,2.45
1,8,38.850918793538106,44.47738312539157,0.84
2,8,20.856751102382265,64.38023564019933,2.57
3,1,28.927737805263895,62.73727817322013,2.26
2,9,21.400070242661315,71.6797213362284,1.97
1,5,34.58469485827286,79.46750446468096,0.77
2,4,32.168178717600355,50.03493886864442,1.36
2,6,34.132685269351924,60.38625803215042,2.33
2,6,27.489607999360338,76.35461625276014,1.99
2,2,27.389638680627606,71.40759537691366,1.25
1,8,20.906385579217893,59.4962521240323,1.67
2,7,26.998898790592797,77.81486598459111,1.99
2,1,38.58576804524119,42.28946774067238,0.41
3,5,27.58453074360898,77.23994478850335,2.56
2,6,36.6273541244394,42.020295695312264,1.58
3,4,36.84651009499868,61.89218976458737,2.45
1,2,27.464823127584676,75.61763792004342,0.67
1,4,32.63977360792378,50.508837742452116,0.9
1,1,21.90743204546117,58.88993995780634,0.56
1,7,22.07357161468553,52.973155165478666,1.63
3,2,20.973153273234267,78.08575668305406,1.62
2,2,31.62030186750219,72.94582379012363,1.35
1,9,28.52141955252194,68.36006045305518,1.98
2,5,30.9606471332848,63.50507946460435,2.0
3,2,30.421463810167758,72.82367157296592,1.95
3,9,27.004059821814607,55.690681660941884,3.34
3,9,33.549468296469456,57.902074204242474,3.11
1,1,35.17003761832781,69.20006884323446,0.7
2,3,20.292565177553513,54.310190531748574,1.26
2,4,24.144845995377565,42.55603768193495,1.28
2,7,34.26471736166674,42.97338435544286,1.79
3,10,27.732403452676685,44.61451205222816,3.26
1,4,33.24967893883216,74.78725293374652,0.78
3,2,26.93925319469117,58.889057030248175,2.23
3,7,27.815103046592743,68.51529477378946,2.99
2,6,23.1735774737937,55.71637342419573,2.0
3,3,25.1646203933232,50.348437896625384,2.4
2,6,32.10823515015174,53.88768670248848,1.99
1,6,28.663262226303328,71.76729381268734,1.35
2,5,35.486053658891905,65.00864500125752,1.78
1,4,37.05169909876685,77.50559119831608,0.67
2,10,30.832928364335196,67.18819114307337,2.42
3,1,35.16534584112118,62.807265270187756,1.59
3,10,26.1380902638914,64.40784035943338,3.76
1,6,28.299424308001562,77.69485757873659,1.37
1,2,34.25555352433662,71.52803719466824,0.41
1,3,27.724239856340613,40.961649494657514,0.76
2,8,31.770098703179777,61.36558784542789,2.31
2,10,23.70745558165023,67.5335364618626,2.58
1,6,31.99542629940996,69.94793913756621,1.01
3,3,37.23027414453787,48.52568477255747,2.03
2,7,37.37279279646852,74.68709417805408,1.72
2,4,34.48688812659079,78.23372588700656,1.35
2,9,34.91506758152252,49.46861223379479,2.01
1,5,31.158548903014015,75.30461830068984,1.09
1,3,31.693361803316495,43.87915050064382,0.47
1,2,22.67301162821036,42.228273444609805,0.24
1,2,28.877183768426022,45.168952004109975,0.68
1,3,29.015525677727275,42.30964317868144,1.25
3,2,39.16995671335481,73.80048948623104,1.6
3,4,28.62173725246579,42.362005778330875,1.8
1,2,30.986852898055155,50.866567654546216,0.54
2,10,30.66502798558205,44.150253741434256,2.59
1,9,32.73523434088654,51.8168814525506,1.42
3,2,34.96465662663792,43.62237870403682,1.89
3,9,24.50083752341744,66.72013002972056,3.17
2,6,30.574488381968713,45.333072653703006,2.08
3,1,36.518354146320604,74.07383703355552,1.43
1,4,29.26229427675023,72.68764202906564,0.86
2,1,25.569150927471462,40.54646741882438,1.15
1,6,33.09418150712598,75.82905422060458,1.03
1,4,36.47534791598246,41.15777266973468,0.49
2,3,21.262805858547825,49.58583139830226,1.62
1,3,35.535809668144545,41.295565511039804,0.52
3,9,36.432958659235425,53.433739481572644,2.5
1,6,29.230458551772138,60.554661028530866,1.69
2,9,39.66611313636935,71.86579476060552,2.07
2,5,35.73416681414618,53.51926201879344,1.87
2,2,35.473251297913315,68.21960098692466,0.97
1,8,34.956771488241436,47.500178284759215,1.37
2,5,23.01216206436548,70.02393826976505,1.72
2,2,24.344617729060218,49.4398642363695,1.11
1,4,29.2798026292885,45.74179023775072,1.14
3,9,25.280086999189315,47.416354014962174,3.01
1,4,28.30481944668081,47.282525155274215,1.26
2,4,37.76928219845841,60.514515175079644,1.35
2,2,36.48653783758539,73.79190324752585,0.71
1,6,32.60079756959964,43.184203079700225,0.99
3,2,37.16240788502207,68.2782527397369,1.82
2,7,35.67544778034498,66.1738583861143,1.84
2,3,28.57969863681781,74.90079807317449,0.91
2,3,24.0213030409989,49.76590242027629,1.52
1,5,30.284020800186784,58.00439434740119,1.37
2,3,34.72457765057101,77.03309497774069,1.31
3,2,28.728391974591858,66.39973800541269,2.16
2,10,33.335438195677945,55.55073651446388,2.46
2,9,21.88654852582087,45.25649531421074,2.44
3,2,34.96009472742807,50.49940031602364,1.55
2,2,36.25427239786124,63.248619099575336,1.17
1,8,34.13675711561082,68.72671790242055,1.45
1,9,39.34527175052731,44.97687547407574,1.3
1,7,36.533041149212806,63.98389040176216,1.28
3,3,38.061874557530764,62.01405115355004,1.82
2,9,38.67142166915296,60.55821786762832,2.44
1,3,36.02695983747617,67.60492470728032,0.6
3,5,33.48517684012998,73.49798380333847,1.97
2,9,20.114371627215785,52.91958732707474,2.26
3,3,29.316515064462493,75.56048760443838,2.27
1,7,31.42324597244722,46.42534450474203,1.7
1,1,26.080605448959993,46.92095479004657,0.57
1,4,26.36208893806944,50.67088254495695,0.74
3,4,39.2231883142033,44.781234781883114,1.55
3,7,37.83421730405492,49.2127689873151,2.69
1,8,36.98358011003408,44.25647051611379,0.98
3,1,28.120236034122215,72.87009667941561,1.68
1,5,20.27397100817829,45.558759675464984,0.97
1,7,21.60444492911428,69.89190230239427,1.14
2,4,26.243927364352075,41.91655471653335,1.74
3,4,20.31485825991354,77.9408131005566,1.77
1,4,20.34299563830396,68.44640350111064,1.04
1,6,38.33206603284822,40.27186194344447,0.86
3,7,34.12317004238108,70.55426000800855,2.49
2,2,26.179119801363054,60.56327683064741,1.27
2,5,22.652891552019064,71.1746068134048,2.12
1,4,30.232714357901543,60.89987235562354,1.13
3,3,20.10692321708729,65.64099430541418,1.89
2,7,38.76827487716288,71.45326621580162,1.96
3,6,28.296302387778944,56.204322183514265,3.1
3,7,28.046699104746654,40.10832599281808,2.99
1,5,27.811872151635644,73.99785983780754,1.14
2,6,21.386566607755295,55.2356145049865,2.25
1,5,32.766444795836534,59.84170904066332,0.95
2,7,34.660072392567066,40.31066568615875,1.61
2,2,33.5225079517658,59.683680414003916,1.5
2,5,22.768709866587887,79.45949606286918,1.73
2,6,31.57680336071185,51.130706432750785,2.08
2,6,31.389689683445077,55.81673080969512,2.03
3,5,37.368215758827645,67.48759985874706,2.14
1,10,27.58255316751294,72.59174670094635,2.16
3,7,27.429718873188683,56.69566496024402,3.21
2,10,32.37054117436371,52.386754816051706,2.35
1,8,32.66145306999026,77.51303199940268,1.14
2,7,29.385704546515807,67.08579866686676,2.13
1,5,28.861187246608424,44.760852179725646,0.97
3,1,29.882953412757654,42.757115125385944,2.02
1,5,37.22090599006624,59.34199403161476,1.06
1,10,29.2233380250782,48.8036026418909,2.03
1,2,38.798635839396454,50.15939013505014,0.3
1,5,30.08007527192652,75.10768715311393,1.09
1,5,38.98401386361783,43.58264097265243,0.26
2,2,36.65663803738151,68.6145646091556,1.25
1,5,27.248626452316582,50.84569013522352,1.12
1,4,37.27282842593232,70.41312885616551,0.62
3,1,22.201265684022303,68.89645537854179,1.69
1,3,38.50094350686029,40.29567605777172,0.26
3,1,32.63287030165783,60.36541651686397,2.13
2,5,21.087814970446225,45.572779295121855,1.31
1,4,32.88513447301623,74.64908122314708,0.81
3,7,39.48495308289512,74.86343531449626,2.19
3,5,21.396013092292577,56.73383229975032,2.72
2,10,31.093754195601726,57.77582473804323,2.48
1,4,34.95588699518745,52.13131757618108,0.59
1,2,36.205171733990625,68.66425195840124,0.34
3,4,28.276549306415916,54.34645452105836,2.39
1,2,24.083331183364862,50.71169898090535,0.57
3,8,20.846845575447677,57.289242380180326,2.78
1,3,31.594523141944496,43.65950073549835,0.66
3,9,29.058221405352214,69.86412818576815,3.4
1,4,38.97488790299422,40.50385605087148,0.38
2,6,21.212098154298197,65.77940246082376,1.88
1,10,33.70790686892011,47.3145810701949,1.45
1,5,20.499324442401143,49.296161848576524,0.83
2,10,23.428683534210855,65.4252799456016,2.48
1,1,29.071579998456684,79.71773863131628,0.54
2,9,29.097448856057362,71.10869956290202,2.32
1,1,33.71401085867288,49.03358528893568,0.17
3,8,38.20426069735513,47.04099020164535,2.59
3,9,32.78064317829842,74.64931481070681,3.31
1,9,39.07070195703018,57.76735791686017,1.42
1,1,37.63231279755995,45.48211211312622,0.11
1,2,31.689995910615806,74.48845693287753,0.72
3,1,36.67583901837655,72.64369411657046,1.67
1,10,32.85155220647268,79.35625455588655,1.67
3,2,21.571156618474543,76.38974746850735,1.73
2,10,34.8112944651902,74.07161354642167,2.26
3,8,21.898168825346925,42.10297591244013,2.49
3,5,31.881655611394248,44.17661477992472,2.44
2,7,34.05280411716458,62.75932777216491,2.18
3,2,21.330552164217103,61.25916985127283,2.18
1,8,24.615893078530636,58.31852857958142,1.6
1,6,38.313444645233,55.87157301658337,1.17
3,8,32.32628984465793,57.248419394573155,3.26
1,1,24.92572037621063,62.77191736539181,0.4
3,1,33.813595422960134,40.083060704003245,1.5
1,7,31.935528399233792,50.42835096531409,1.6
1,8,30.031513998358967,60.73118882754844,1.65
3,3,39.523739499761675,68.88864394694585,1.9
1,5,33.669075548150175,46.96626769581585,0.91
3,1,27.508822193358252,61.87524695149732,2.25
1,7,36.00146864153736,68.57838735543126,1.19
1,5,37.691665858423754,57.78510631655619,1.07
2,8,22.50441119033663,41.083245346802045,1.74
2,8,24.01105955690533,57.97072633862547,2.18
3,9,24.324540182555594,51.85779550976612,3.4
2,7,33.824236187730804,77.18598430805314,2.24
3,1,32.06079110106567,44.984535427133096,1.75
2,3,32.37983129397176,66.09903822028929,1.85
1,8,38.81546599379002,42.10879065338005,0.85
3,3,35.518230656146116,57.84681751250786,2.02
3,8,22.558738490235662,62.159179488803225,3.28
1,1,26.95014164850362,51.91819725267462,0.8
3,5,28.707872923514714,58.20302542081538,3.1
3,4,27.9192317749521,46.542151781207494,2.52
2,5,33.38617218323758,52.16495397872144,1.52
3,8,37.83786206513125,64.84425299640812,2.76
1,10,26.12102927045576,52.0720022344462,2.19
2,4,31.037542728423713,75.98972313635487,1.5
2,4,35.78818843827172,65.13627830563959,1.45
1,3,28.324361176906987,57.54596073743938,1.18
1,7,23.36236256798592,41.5502774221673,1.04
2,3,29.499019305274963,59.98193340818685,1.83
3,3,21.10445041486057,70.59104968500357,2.01
2,10,38.847669080045534,50.62230392049655,2.07
1,5,21.49642410389946,72.2709427859507,1.08
2,5,28.769134305011562,50.072270642035264,2.04
1,6,30.597625221770524,72.94985551803202,1.14
2,8,39.70607664574571,43.410733664467095,1.68
3,10,23.320436472857217,74.64734835476118,3.02
2,6,22.28863037224717,59.967458037333216,1.89
2,1,20.17412294125087,51.86150358481048,0.66
1,8,23.111428737386046,50.60453001660595,1.37
1,8,24.14545958135335,57.280422357214505,1.53
1,9,32.61161883166184,79.9619799241458,1.44
2,9,24.394135807828008,48.8130957375033,2.43
3,2,20.410416294586504,44.12866595515999,1.54
1,2,36.532366910049774,63.401406748746474,0.58
1,3,27.311914020079335,59.54169865761028,0.92
2,1,27.07393373161468,60.96785084253229,1.46
1,4,26.049580583358534,66.67741670228868,0.95
3,4,39.507465542928415,50.685762794825976,2.09
3,9,23.40230834618563,76.42659981535553,2.91
1,9,37.9647612790647,57.42688264489161,1.48
1,9,35.53606664279776,45.16344780569847,1.25
2,10,21.52959910998626,69.69195026935778,2.32
3,7,39.73458203001697,65.72417410471401,2.81
3,2,25.42731927078021,52.62973609936148,2.02
1,10,21.971658540448246,64.86074896136194,1.9
2,5,36.586284682515185,48.79447825475907,1.47
3,4,34.133510673554,57.79357437362118,2.44
3,8,32.344376117558014,75.976500886693,2.93
2,2,23.119617273978662,45.34136932642998,1.09
2,6,29.569922325119236,55.46785799949848,2.27
3,5,35.61112053774428,72.8456969888139,2.76
3,2,26.072478762876806,78.77963597624714,2.04
2,10,26.23379657030083,58.157045456871835,3.1
3,1,20.062818120962444,60.279984805733896,1.94
1,8,23.484868032907592,62.88687847135079,1.43
1,2,37.50811250243669,77.29392566534844,0.23
2,7,28.834929832754142,74.3282716390812,2.06
2,9,39.684689984688674,46.82404498486577,1.78
2,9,27.914159271475853,57.470312713883004,2.68
1,8,34.30372909560482,58.56001712785705,1.53
3,10,25.638380858094582,71.56384446595027,3.04
1,9,27.276192822818672,64.11571530421742,2.47
3,2,23.814519751817894,66.16881848116051,2.23
1,6,26.9412473699879,79.9279963066247,1.2
3,4,30.94475040841286,42.998401738800524,2.23
1,4,39.835457619584986,48.92039294134932,0.73
2,5,33.284034261435714,56.315837494861874,2.23
1,3,23.98491908816628,53.91129612195549,0.96
3,1,20.899228831831024,40.865822453879346,1.54
1,8,22.52712962629021,43.67110425884703,1.59
1,5,31.251104025460947,67.23813165614305,1.17
1,3,35.30320657633533,75.17297853450242,0.57
2,10,38.80838414601494,60.569080450639106,2.55
1,7,20.316463439936417,61.56764318054532,1.26
2,7,30.455202831237393,50.20373731329518,1.72
2,1,29.417347124463536,70.71505454534845,1.18
1,9,33.12110043951408,70.07178349469025,1.75
1,2,31.19157708930684,63.53462756870627,0.91
1,5,33.74078301164961,48.50657146045371,1.2
3,5,33.1616516949838,43.88072872948358,2.19
1,8,22.340234497158924,42.56954303428503,1.58
2,8,35.99435827237439,63.70784266571511,2.16
1,7,22.464651514326498,73.001412765712,1.33
3,7,33.97061250418274,74.33321727123699,2.75
1,6,28.322907352812134,58.54488297373799,1.28
3,6,30.27701469153196,71.37085197226867,2.46
3,9,38.065960287514216,77.87520785364094,2.38
1,6,37.79767452946973,51.006804499522715,1.14
2,2,36.35712611310059,55.918413855230284,1.14
3,2,30.202967609126468,77.25915970386723,2.35
1,5,34.724796202676664,53.52923869269139,0.99
1,4,30.257941110376187,76.55505161287185,0.56
2,2,37.39212164949555,79.24179449017862,0.71
3,3,28.055516664657997,66.47242914297699,2.44
3,7,39.40470688829754,72.67561158016673,2.43
1,8,38.64645516457755,69.98182256884341,0.97
1,6,34.83205238903571,67.98137030462095,1.21
2,5,25.58831768352144,52.277242919249304,2.04
2,1,22.63307177586517,42.28377351631775,0.8
3,8,37.09406900186395,53.722069300786025,3.11
3,3,23.306045722759226,66.67743940815626,2.08
1,6,37.085215779946715,44.10116792911205,0.63
3,3,29.81530013424721,40.476719319129685,1.76
2,7,28.131135676162085,45.58769490411755,2.4
2,7,38.06381557668858,68.62943705643181,1.78
1,9,32.07701965080556,78.91174806625776,1.37
2,5,31.532280142594356,79.32258798459281,1.29
2,8,31.17531889248795,59.759165965607515,2.36
2,10,27.423390320390627,74.7740920396939,3.05
2,10,35.712862070582545,69.47305823006016,1.9
1,8,25.05596888031546,60.041609479384135,1.63
1,1,38.7778992008255,62.910421318203475,0.61
3,5,37.879704100939215,45.48908586467484,2.32
2,3,26.749606513497962,77.50645842466369,1.32
3,1,34.589275396633276,54.077190829271075,1.84
1,4,31.46446388899183,57.84597025828678,1.18
1,8,26.75298603998469,66.86640923991595,1.73
1,3,39.77043295990893,53.35609886106216,0.79
1,10,20.504746916965285,50.17036643955722,1.7
1,2,25.052920612425734,65.24197573080883,0.97
1,9,30.40148122222301,40.99936329127398,1.59
1,10,30.439060069571276,68.82900448106716,1.49
2,5,31.778661498911283,60.56093479506039,1.71
3,7,35.03352344045838,64.23014922083738,2.52
1,2,32.46955661038593,65.2752063698754,0.62
2,9,32.00562921056074,61.08200625970255,2.94
2,9,21.070289258260864,63.301351097629436,2.41
3,4,27.530605755785967,67.35152803559498,2.51
1,4,24.64111479402312,70.12475388718697,1.18
3,6,25.307402232039507,69.09809565144482,2.39
1,10,31.086749486806898,74.78465830929048,1.65
2,10,23.990106298592167,47.57773732669611,2.32
2,10,25.87898202033795,56.0459187796719,2.79
2,6,24.741694170346804,77.91184264057829,1.96
2,1,38.97005886436389,55.86362297545319,1.01
3,9,38.8933146434219,44.994803076236906,2.7
1,2,32.198831171921036,61.017805054487184,0.7
1,5,38.490449374638,44.379638902178485,0.68
3,9,35.71625290936746,48.11412954911461,2.66
1,4,31.798957656036176,79.93275026283827,0.85
2,3,20.128704229935913,61.654505535845274,1.32
1,7,35.45032572158808,51.36233556161716,0.98
2,6,34.049766831769375,79.79099818295624,1.61
3,8,32.30507306564828,78.66235674220573,2.33
1,3,35.20848623364944,57.62956164337054,1.04
3,5,30.258443295495315,50.41612435151634,2.7
1,10,34.08166542642678,73.5359855236876,1.69
2,4,38.70344173452987,68.62482867887144,0.97
3,4,27.516100316921726,67.47765740014042,2.39
1,4,34.162436698012506,75.7245496528989,0.69
2,10,29.513756360219176,67.57668535485298,2.62
3,8,33.48799303627963,51.35191772166196,2.51
3,6,35.25786671108728,67.7545264750293,2.22
1,3,20.90905000871592,52.23254045134656,0.58
1,10,32.932008878973235,70.3695591862798,1.49
1,5,24.534823688138893,64.78991417966265,1.46
2,6,33.400650756151336,43.09646207939002,1.79
1,5,29.36660371867627,60.513414497405684,1.21
3,6,35.47105483729774,53.732038767829636,2.73
3,8,22.468016304111927,53.142825309291766,3.08
1,7,32.5264470331239,64.09025209509029,1.5
1,5,25.569414578551047,52.892992978776995,1.18
3,10,37.05963990661183,71.07574992819491,2.87
2,6,38.56767011272615,42.831657440446975,1.32
1,4,39.92796587358111,66.41553009583302,0.31
1,9,35.92014804854567,72.36779214626965,1.71
3,4,35.07468140856009,66.9132675968172,2.1
1,1,24.31001517735102,59.889167800799825,0.67
2,7,26.720141179802177,78.01228054944724,1.84
3,7,29.31365083524559,51.997539591922546,2.87
1,4,35.467620955644996,40.76671550099911,1.11
3,3,38.29931730155937,57.279574858537636,1.84
1,8,23.782782000459694,41.32047743601309,1.61
1,5,38.44734969340206,78.15747010105635,0.56
1,10,33.912493047081156,48.39672182992206,1.81
2,7,32.21541461370077,71.55708095795518,2.26
2,4,23.99682542563879,70.98288332697459,1.63
3,4,21.11050065618301,48.709155987317345,2.06
1,8,31.369297970158797,64.84906121920669,1.6
1,8,33.03031366657785,41.92315873945801,1.26
2,2,24.215628987093766,59.342983428154696,1.87
1,2,31.12912411650913,40.58588509089947,0.16
2,3,37.12986805525147,76.84575520723368,0.7
1,3,36.7013189091004,79.04344096798286,-0.01
3,1,38.547103611725944,48.891310665543415,1.32
1,3,27.31771619113761,48.32424138385491,1.02
1,6,26.360991451018375,70.14880706248519,1.47
2,8,34.98852011961617,50.13517595317338,1.93
1,10,28.6222481019401,75.8030623664738,1.85
1,6,21.750973280555613,62.95716544491929,1.01
2,5,25.656022613409995,54.03110492041249,1.71
3,4,28.37164571062978,73.3077498539768,2.53
3,3,25.850328509525042,59.7362680165358,2.65
2,4,26.64411141894643,76.46531654833902,1.51
2,7,25.875518123487815,77.12056946917524,2.33
2,1,20.82998334366159,46.616806085136375,1.12
2,7,32.74189401648885,40.09293624527721,2.13
2,1,31.945848407069384,79.3572376056961,0.91
3,2,33.067669969573615,76.24550144509917,2.13
3,4,23.846197920672548,42.21780942815366,2.57
2,1,25.913090832249708,73.3213705576428,1.1
1,9,32.392318538898444,58.31219730236826,1.77
2,6,31.992551369198427,50.35846420099901,1.72
1,1,30.126606187085358,75.1498609470772,0.21
2,1,27.00826500020395,47.86668929561229,1.03
2,6,38.2586200954938,77.89199997680268,1.27
3,4,26.795404845976876,48.22485950797365,2.46
1,4,29.11238312874503,64.54732750914974,1.0
1,6,33.56227661908417,48.92345338115899,1.15
3,7,30.86042861733528,61.82674659874539,3.02
3,9,26.93771952728771,67.35900519660565,3.16
3,10,28.712895809130195,47.6091172328055,3.3
3,5,35.889616357070125,60.83543130802717,2.33
1,9,25.56258310973225,58.76238977560476,1.84
1,4,22.845104795536308,42.84149685613365,0.54
2,10,26.263264036595544,72.73231270701211,2.58
2,2,36.990684309758024,53.42729602571367,1.0
3,3,21.779794297126934,62.98328790207518,1.95
3,1,39.83392146744904,60.59136939732538,1.77
3,6,30.82005797855325,60.53042018281769,2.97
2,6,39.696914879341875,44.2888957683395,1.62
2,1,38.77992844171955,56.93928036997331,0.74
2,3,29.056274284218336,58.09467036826281,1.66
2,5,23.96982149210698,69.34571361457793,1.81
2,3,23.297695531302768,73.60075327682793,1.24
2,10,24.79978727739915,61.79929112400072,2.82
2,3,34.20265281129075,43.471318162599616,1.31
3,10,25.458999894629756,49.47397882386185,3.36
3,3,26.828505392085965,46.597361074109244,2.52
3,5,28.975576079892296,44.98460252756499,2.63
3,5,38.26465360842913,54.6359719447123,2.26
2,4,23.787868357696922,49.17574008617528,1.53
1,1,20.10053105219606,48.73212447246049,0.2
2,5,21.2019282075634,42.18772698305071,1.24
1,10,38.09532683360236,40.706801791817355,0.96
3,5,32.95032929686727,44.110729705991275,2.38
2,4,25.460812386556135,46.887899176945325,1.86
3,6,23.54385002022382,57.239349153928124,2.66
2,10,25.885334732742287,60.420810451953784,3.1
3,4,22.295938545025603,45.623676726934626,2.09
1,7,38.83065820568882,56.991333660967456,0.76
1,7,35.684123487305335,53.66995369303709,1.42
1,2,29.247823538250813,47.33694573991824,0.59
2,3,37.29925210230404,40.27362992593454,1.19
1,1,24.989164085864644,58.68071466086967,0.42
2,8,34.342411369443866,67.42606997060797,2.22
1,9,37.12264998027487,49.05109336575228,1.21
1,4,27.135374232465452,45.27227319586717,1.0
2,6,35.14928890901435,75.48170977787848,1.79
2,9,25.901446985286185,51.00099089951191,2.57
1,6,25.977142705180615,48.94450479170659,1.29
2,9,22.14114357108372,74.28387758439663,1.9
1,4,28.801160930187976,72.68428396667045,1.15
2,8,34.594238129948444,57.93385882098534,2.44
3,9,38.804416111425695,59.56955445711098,2.69
3,4,32.075939838581924,48.70994819336088,2.09
3,5,37.26271075471478,43.1320668191823,2.26
3,8,36.44989298580454,62.93727301422644,2.78
3,10,23.466861059505618,43.93379686360853,2.88
1,6,29.716348578252628,57.97098187826599,1.53
3,7,22.338470710507828,77.61988794052043,2.39
3,3,33.6430632312327,78.11337556682338,1.94
3,7,38.99799336492152,49.57329146189434,2.31
3,8,22.74178916157513,64.96453680182617,2.87
2,10,34.677662616050824,58.9630505643143,2.77
1,6,32.64476301735722,75.02740510344424,0.57
3,10,31.672100740161994,50.85723457104213,3.34
3,9,27.802404693766785,40.14809627329667,3.23
3,6,27.102632955076253,46.5024482372566,2.56
1,9,20.90498378037776,53.98091204677592,1.76
2,4,24.358174165040268,52.62884519081955,1.48
1,8,20.303537645736537,71.65451676491543,1.15
2,4,31.62834211164041,67.22242664555351,1.52
3,2,22.117064717558176,51.982252784595886,2.14
3,10,37.460387880594325,58.30975268664854,2.74
1,9,30.462860413943304,43.82236415833341,1.93
1,5,33.99379818117417,75.92585779280404,0.77
2,4,28.21714183680993,77.41699297794136,1.76
2,2,31.211596180020972,79.19214141523753,1.26
1,1,38.853183539332605,74.7421132314335,0.04
2,7,21.654680792473414,46.95843550784902,1.75
1,6,25.078755438473923,41.847859328065155,1.34
2,2,35.599766538210886,63.18386909650696,1.15
1,8,21.974744137653317,76.50420107532442,1.12
1,4,21.513222078082215,47.094054466389714,0.89
1,8,27.23082797508077,40.28171658496567,1.5
2,7,21.843359169448647,72.21984184128976,2.17
2,5,31.70156884412406,43.07182737146936,1.61
2,10,24.525505016331998,56.548241276401214,2.53
1,10,37.91395926398745,67.1554934875514,1.62
2,8,35.67000161690513,49.47190341824721,1.92
2,9,33.99410412198952,43.35850253786907,1.99
1,5,32.33888054769004,70.80084913823315,1.18
3,10,37.26931460682927,65.20700339548165,3.4
1,5,24.461241230855137,79.53961937947219,0.83
2,2,37.462176855284554,53.77232133279837,0.91
1,5,35.789845968481046,42.47049545160799,0.68
3,3,34.963216527753715,69.37400141341183,2.12
1,7,31.225113561498482,60.869336754129826,1.62
2,10,24.924883219412003,48.528157255565404,2.76
3,5,28.470958319837926,71.26915956019037,2.73
2,8,35.87141309077603,48.15021943399775,1.75
3,1,20.63556968714649,50.42646619331747,1.59
3,3,35.64101538527517,43.70114217466877,1.57
1,3,24.80141480975133,55.97729116123418,1.14
1,9,22.88618401443206,56.75716895749676,1.33
2,5,22.314026363606043,60.582471613931936,1.6
1,9,20.545000239016304,68.3585706849511,1.41
1,9,30.47172970442906,76.24403714721703,1.71
3,1,24.36519745387459,45.50936395551234,1.67
1,2,39.78863531559263,42.173923933946284,-0.02
3,5,31.488735117444115,40.74124934377333,2.22
3,4,22.757705387120208,45.744855122752654,2.19
3,10,33.775250816227306,66.31797943126503,2.94
2,9,37.95487133019451,69.09908311985987,1.88
2,7,34.90358990739229,71.46022854112488,2.21
2,6,21.528797220788952,49.74832847617371,1.85
3,7,37.91768362385319,52.2357925304608,2.65
2,1,35.878587717199295,59.32538582261998,1.15
2,1,23.166078002112286,42.52732387440906,0.93
1,8,21.035717774656337,64.44566092844985,1.55
2,2,31.14621150628617,79.34940134703031,1.3
2,10,23.120716226799537,54.43225245512011,2.71
3,9,36.69181905190544,70.11389900365536,2.79
3,7,27.166693133433476,60.001356622784314,3.3
3,6,38.25784889473151,45.11247377441531,1.7
3,1,31.313763442820115,63.28949795210345,2.2
3,1,23.653447684793363,51.9949707377626,1.79
3,2,22.791977347196003,41.37612833813833,1.88
2,6,31.52944875115508,65.39718920470975,1.89
3,6,35.23767223724888,74.35729397298911,2.09
3,2,35.63011295484364,53.79079067599497,1.96
1,1,25.515148088825626,55.61182188851082,0.34
2,10,24.08493517824335,75.64086731868846,2.31
2,5,20.33512608984765,72.54435253469424,1.35
2,5,33.58398302402339,68.59811294207108,1.66
3,2,21.53136516867078,49.951882550125916,2.04
3,6,28.415224035318516,76.40866619866577,2.55
3,9,32.03364328036592,46.17663030156852,3.03
1,2,38.74217889839354,65.07082077668888,0.51
3,10,26.236042739115373,41.15204722186075,3.01
1,2,24.995443248930396,65.74879225299783,0.62
2,3,33.08320308572197,51.08577407493439,1.69
3,7,32.38478064107163,57.9870790873488,2.87
1,6,26.642195666162493,53.810582082282124,1.51
1,8,38.56203671019573,46.910270249848395,1.21
3,8,36.897246549792655,64.87923160375496,2.52
2,6,24.479650917301623,75.2790222056243,1.67
2,10,24.782850908690463,78.36336969129613,2.45
2,3,30.246006937741612,47.6938545261566,1.08
1,3,35.471442034614405,68.69491096251893,0.56
1,1,20.880807587769286,66.5735746642273,0.19
1,7,33.86670307469413,53.7351115829829,1.55
1,5,32.964717947641944,40.76396797414903,0.89
2,4,24.629601918259766,67.59164989251465,1.92
3,10,33.62706026482698,77.81979442238,2.95
1,4,38.80366382504165,65.28480487662605,0.63
1,4,20.93571689943537,57.41170896750536,0.83
2,6,26.39304110584125,61.006155764465134,2.1
3,8,28.763534333327105,47.9851523063967,3.56
3,8,37.985207178493795,70.0217665501495,2.76
2,5,39.24522893218314,69.85679320039395,1.18
2,6,28.882304929926647,45.820692015496995,2.5
3,4,35.000568242843826,75.11913529998637,1.97
1,9,30.63322047528966,50.76758957893221,1.8
3,8,30.75565869482753,79.2902424374646,2.96
2,10,25.56199030132713,55.31612056148983,2.38
1,10,24.33912491727759,47.115362349379986,1.59
1,1,25.760106918480822,54.06880445382609,0.95
2,2,31.126560145141585,57.60721314788773,1.45
2,9,20.58310372044178,42.77231092153179,2.23
2,8,38.14497888712812,63.12873524893158,1.94
3,3,23.125674190995525,63.905297594756014,2.21
3,8,24.40177353742773,69.55721821397889,3.29
1,1,30.365523528952927,41.16679569162973,0.44
2,10,34.202295326745585,61.64952857735321,2.49
1,4,21.914581094887946,42.116297330826576,0.5
1,3,26.353893950943245,68.04576879866613,0.79
1,6,39.37349211148714,42.22911942803938,0.92
1,7,25.246859335618915,76.46911393366531,1.44
2,4,26.261002901262938,68.08330267537985,1.52
1,7,36.72996981236067,60.29559060340628,1.33
2,9,21.004288633809104,57.660156931247,2.34
2,2,29.292263376179417,45.2269052165305,1.4
3,3,27.592335289033407,51.63997558258652,2.24
2,5,26.33173519817302,74.75836420083584,1.99
3,3,25.713991880895293,76.17811246249975,2.11
2,8,21.827482097208183,40.02990833482124,1.97
2,10,26.296516587032976,63.76545565910205,2.58
2,8,20.861048054313372,68.77202436100454,1.92
3,8,35.61927727288871,64.74987929830425,3.36
3,9,27.964555879160233,43.26719059465416,3.47
1,4,28.87807664639823,48.70899595195609,1.02
3,5,37.87189172900263,50.01361069525544,2.46
3,5,33.16109967722441,73.26898525220358,2.57
3,8,20.161182066842397,58.52797745235682,2.75
3,7,38.8634964592257,59.473128477649475,2.45
1,9,24.742889319554223,77.39572186218035,1.67
3,8,22.152283695197177,65.48343555418862,2.95
2,2,35.36256356761764,75.94670806210655,0.93
2,10,30.00954631733436,58.260354213661316,2.91
3,4,28.67541132036035,45.97745034073177,2.1
3,6,24.990061593654836,77.19742376296342,2.53
2,2,30.949429797246374,58.34820462670153,1.27
2,7,25.48769210405175,47.26525687515287,1.83
1,3,38.03166010574135,52.09582961215689,0.35
2,3,24.304089594663857,42.03210358755769,1.38
2,2,37.68710300911507,58.73202365825541,1.06
3,8,31.18810851454714,74.12512687640947,2.61
2,6,36.56976267790482,77.34321824026757,1.62
1,1,34.2569199172191,77.30408830014575,0.49
2,1,33.93390222873497,45.00920102514987,1.08
3,7,26.486916153901113,55.282155300442284,3.34
3,8,24.67793862944407,41.12915038602826,3.04
2,5,24.217724553615763,74.20661379885891,1.58
3,5,37.14383314119178,54.35023048085095,2.41
1,4,36.4085364051804,65.24468111568939,0.76
1,6,28.811470560246146,68.59593752309155,1.6
2,6,22.64809226992909,57.19378678972622,1.96
2,3,27.645045039549167,52.25769346200972,1.52
2,9,32.38686908273823,78.48851640463778,2.44
3,7,29.088063089599057,78.57952900095417,2.79
1,1,35.6037853696599,51.57745472120088,0.17
1,7,39.95245644502771,59.18500386977833,1.04
3,5,23.822641768977938,78.9137663464009,2.13
1,5,29.19301639319145,40.19473630622013,0.79
2,2,28.61967803841644,56.50712993516597,1.5
2,4,26.089850654979017,44.018301987238736,1.66
2,6,23.961910334405793,60.3663186225041,2.1
1,10,21.313842329793186,40.986798181619484,1.4
2,7,37.74238634447397,56.27593725562512,2.19
3,5,28.396973953726352,48.8279629914134,2.2
3,9,29.937910370000978,61.33233449834963,3.39
1,3,38.33884096401832,79.83974596402798,0.21
3,1,35.525809550318954,72.02144420506991,1.44
3,4,22.610025282343685,73.82568366497685,2.23
1,9,31.308399352154847,65.41059949436324,1.73
2,4,28.845045530391182,41.662393930890346,1.84
2,2,35.94422145157526,48.271907041765765,1.24
2,10,34.48465095223899,77.0025822578822,2.62
1,5,33.80811443822144,54.64452471715005,0.96
3,3,26.810896709597937,44.14546905923182,2.45
2,9,36.099274607985095,68.09621463464808,1.95
2,4,21.047825911897224,51.97830895737019,1.47
1,6,23.192498028643346,50.75427651616687,1.08
2,2,26.712465459558235,79.9190982223304,1.36
1,6,21.536148821385627,74.32555700106617,1.11
3,3,24.699885550693832,56.317512734713645,2.13
1,9,36.60301965995836,79.21044831265996,1.37
1,2,38.965030755801585,66.00452893676854,0.26
1,9,26.09204711548381,69.68089807519041,1.6
1,5,25.290316079776765,41.26052172328846,0.94
3,8,25.597853044928538,44.86421037392228,2.58
3,2,25.554381747016876,65.32340505984953,2.36
2,6,20.71860364371946,75.96095930597936,1.61
3,3,38.53832692662216,64.94974904350383,1.92
3,10,24.273962831406568,45.36099577275967,3.1
2,5,28.4000814816281,44.63040184985299,2.15
3,8,20.193737654819355,73.76743583296326,2.94
1,10,37.15910181830114,45.57209354831657,1.72
1,1,34.623146889098344,60.80927842016102,0.49
2,5,38.93512070347406,41.48453279849209,1.01
2,3,35.63230958392798,43.2267906956471,1.13
2,4,26.274130241041306,66.8939307057146,1.84
1,2,24.95746717456847,67.56725641710067,0.86
3,9,33.95432615106586,53.658776264337696,3.09
1,3,27.28225550020999,48.624390609721786,0.68
2,2,31.324300315052334,72.54841083029231,1.18
3,10,20.125149420529404,48.684129178795615,2.85
3,9,21.237714033609507,61.68108278665519,3.19
1,7,30.707358823633022,78.72835363451622,1.35
2,6,31.321432928963304,45.91409751449535,1.99
1,1,35.02905888918687,77.63505069978835,0.21
3,5,22.639306392479234,47.31572212274675,1.92
1,3,30.263661675135577,62.69772832092919,0.64
1,1,23.88895288863377,55.080308478349785,0.52
2,4,21.863922391253894,78.59714406007303,1.34
2,2,28.209915881211092,50.94168116007748,1.76
3,2,23.266732961781145,55.986320083430144,2.1
1,3,24.435639563846372,79.31440471421682,0.39
1,8,26.351091597390035,61.45881564753893,1.92
1,8,25.187768014863927,60.10520462485014,1.75
3,7,21.751825948118928,50.31113952815965,2.56
3,6,21.798324897194046,68.05454241241766,2.21
2,9,23.864988304683365,40.57491807111111,2.17
2,4,21.01118375919078,41.98050518809174,1.34
2,1,32.52914039353854,63.97434348543211,1.04
1,8,25.74653433017804,53.66698295273817,1.81
1,7,25.59491935538142,78.13265488803842,1.4
2,7,26.639965884755306,76.12762762891143,2.07
1,3,33.255925484194435,68.54825034706829,0.72
2,4,37.412677629669815,72.72582324511205,1.46
3,10,35.18173865111277,66.69327398670774,3.18
2,9,34.5505846045019,45.02328410840643,1.98
3,6,29.687823712016986,70.6217347875681,2.66
1,5,33.87611113934824,48.40767874875385,1.04
2,3,31.055247360671665,52.937714204007875,1.15
1,9,24.32501056373058,72.76936848409682,1.42
3,5,24.171767354821014,61.46102433573793,2.77
3,5,25.92784013750567,74.39762856733637,2.7
3,4,38.21605341939626,48.52141279373057,2.16
1,4,30.948296807594517,64.31113754427548,1.25
1,1,34.67810754003739,43.351638901930464,0.21
1,7,26.93117519633095,65.72243974160119,1.38
1,9,28.154315413304506,70.50136151102139,1.79
3,3,22.51131157274503,63.39723575914887,1.81
3,2,23.425899156433406,50.64926005995241,2.24
2,3,36.54713109652291,41.25370675435467,0.88
2,1,31.69677263377764,44.77795535857143,0.95
1,6,26.750649317676377,64.89211916296105,1.65
3,7,36.05702417991092,77.37680867370055,2.08
3,2,24.93039811275966,48.26137615888025,1.77
3,8,39.52065397200408,69.40104596420395,2.59
2,6,26.896352154923395,74.65804252996166,2.06
2,4,26.746219083024553,60.835287137900444,1.91
3,5,26.238238110734105,66.77063183374631,2.62
3,8,22.44223031848576,72.60061266704592,3.02
3,3,22.22274294664025,50.42700630962374,2.2
2,3,32.96210069068247,51.87582697072172,1.54
3,4,37.50236089116094,40.02510066513825,1.98
3,1,35.81041020543347,78.5237652359121,1.43
1,9,22.822151880427022,76.70179578385378,1.89
1,8,30.91164243584133,70.58273055037722,1.08
2,8,22.1118309195328,43.16304083906593,2.26
3,10,20.90589287226155,57.90011558798032,3.38
3,6,33.127717187695346,44.07567015886211,2.47
1,7,30.703046673607005,40.63681069051194,1.24
2,6,21.640473704229418,64.6473186085039,1.86
1,9,20.698784928119768,78.43317668320753,1.54
1,3,39.795128268186694,76.114720937286,0.23
1,3,20.60042664298144,67.87019259741618,0.48
1,3,28.890565061003194,43.86562336659486,0.96
3,10,30.09238049215391,50.966561506892006,3.63
3,3,22.3456029560089,52.80226907541164,1.74
1,9,23.381235568794324,70.52600230982245,2.08
2,4,27.03610012820705,72.08996716940456,1.5
2,7,35.23351752427325,55.40424491959682,1.8
2,9,30.141648481205333,56.71535986470438,2.33
2,7,32.75803749105923,41.78036157104685,1.85
1,9,39.7034911018135,51.56546873675044,1.04
3,3,35.36010870626419,58.0514070871056,1.91
2,4,28.687229962824354,44.6793218554103,1.52
1,8,28.928838435930974,58.13069843020085,1.84
2,6,32.3754415408201,74.12703249031202,1.85
2,5,33.30730416837809,63.252840789002136,2.07
1,4,30.014218516733425,43.15719420153649,1.11
3,8,32.8972244562996,47.666852753210975,3.01
3,1,20.470649888281976,58.98177400634225,1.8
1,9,28.59245727793688,54.45948599287249,1.54
3,1,25.578761521469534,54.34908078184395,1.64
1,8,22.583488904862207,61.17069792574361,1.81
1,4,21.990930256175503,63.3758368635783,1.1
1,9,32.06384331229335,71.87446281104764,1.49
3,5,30.472010943052233,53.63866253849939,2.31
1,3,25.071682339927385,72.21865132162347,0.55
2,9,29.41900117545029,53.5444491645053,2.58
3,9,29.844646303648165,42.217319557649354,3.04
3,4,23.900179608772316,62.16750604019165,2.66
3,4,33.041861237633015,63.51609299579258,2.29
3,8,35.61838712772181,77.3816098248744,2.52
2,2,35.82927081779038,69.04245304249898,1.35
3,9,32.0493966140691,76.71090609977759,2.49
3,6,30.23277165038028,76.33388840972037,2.63
1,9,21.2201428601079,64.18296441032969,1.56
3,8,25.756625977032115,61.110482613457904,3.31
2,7,21.865428935563397,62.297638686544,2.2
2,1,39.27646321756947,79.13323230708991,0.46
2,3,22.701602924515214,70.92670766987835,1.27
2,2,23.03550819702204,44.25063619169583,0.68
3,5,37.79153236660984,71.137136271256,2.29
3,5,38.87856566952915,46.821521955929036,2.09
2,5,35.316580784698196,57.894021960225025,2.02
2,4,20.108098473453396,48.418386887061374,1.29
3,5,20.026925419131274,67.58332262132919,2.48
2,3,27.562015395749015,75.09238944772142,1.31
1,1,22.867907400217852,51.61447541466724,-0.12
2,5,20.367722843031945,43.280429648327505,1.42
2,9,29.281333788090095,51.93972392299853,2.41
1,9,38.86123794813943,66.89447431728777,1.16
1,4,26.476391498048628,53.150405102178,1.27
3,3,33.222813568573926,51.12448670215214,2.35
3,1,33.04470706264881,47.3774076233706,1.77
1,2,25.021602073303356,59.900657074977346,0.81
1,8,33.00850497647728,51.037953126287505,1.48
3,1,24.246679485737825,69.24041396557932,1.75
2,8,22.44014827153778,43.06489607968811,2.1
1,7,34.027665711193805,66.5613213244527,1.01
3,8,22.268816342078335,49.50240058271079,2.59
2,6,39.9381843717871,59.57117044206413,1.54
1,9,23.669048023004585,51.44359688125043,1.77
2,3,31.88283725512915,68.91074704043183,1.42
3,10,28.22749142825179,77.81228161006547,3.5
1,4,22.527728448113344,76.68307117879253,0.85
2,6,20.55687815154827,63.33704860576364,1.7
1,8,32.454645645856665,58.504412130279135,1.77
2,5,36.13515127578252,72.73202037757528,1.41
3,3,36.84031323013488,67.3330545051092,2.06
3,6,29.65426946153869,47.34256456867732,2.83
1,4,35.549109343647714,72.83676854452001,0.89
2,9,33.456942669770896,57.15537557578841,2.46
1,3,34.485090549982665,47.559426398847,0.9
1,4,29.851980104436283,51.2718940158597,1.12
2,7,32.66823480484254,50.70108120993369,2.06
2,7,36.110518271521144,60.768278984138405,1.97
2,4,27.95768351114046,49.37480362711502,1.66
3,6,36.11957801735167,44.942659496063044,2.38
1,3,31.840336855781256,44.94763402455043,0.68
1,6,23.318020487415726,63.33104788556386,1.35
3,2,20.49368314449169,69.39037155397514,1.93
2,8,27.255072007983042,52.86132035353363,2.47
3,2,30.933926565926797,41.38602839256068,2.28
3,7,36.79640704406977,45.08899547748043,2.31
3,9,22.549713602804925,76.58778241348229,2.93
1,1,36.00412695367159,59.74174638357812,0.4
3,8,37.26018092134454,58.14291238460699,2.31
1,7,23.013749740016674,41.52196713240364,1.09
1,6,37.03188638608438,69.14548089267596,0.78
1,6,39.82907135685584,61.122723237283154,0.97
2,6,34.53677662096475,48.08323744346083,1.73
1,9,35.69539363649976,44.40295040724229,1.43
1,2,39.888305351177465,55.33551454527994,0.21
2,1,32.10962501051891,73.48647856780103,0.99
1,6,26.15772764032499,74.61178236804098,1.36
3,10,36.75061668152111,64.11385521582545,2.92
3,8,32.28971555023263,69.10145708920571,2.54
1,3,31.62390847441913,44.606231496114816,0.69
2,10,25.072711110280764,63.525042618714195,2.9
3,1,35.12668539165773,66.67862813948727,1.9
2,9,21.633345517201924,48.028513716551686,2.23
2,1,38.48574141589322,75.20618931641036,0.97
3,3,26.516469215409693,47.79986950084079,2.45
2,8,22.555493055799808,52.539094393858015,2.11
3,3,28.84733066204838,64.82227388093834,2.46
2,4,20.849398185130664,65.53400260522923,1.59
3,8,33.69252388529932,67.9753896394947,2.84
1,1,38.05411020890712,44.48046852272823,0.26
3,6,36.74526014277018,73.97857719714222,2.25
3,1,22.547389468957622,61.313885291330394,1.85
3,1,22.52542274215464,58.85287176420273,1.44
3,8,36.268689646485285,79.24390498054038,2.34
2,4,38.48508549206232,69.61513187764079,1.02
1,1,29.21339659666978,44.720241064774996,0.48
3,10,29.97942233827532,70.26156668904963,3.05
2,7,26.365240827714516,43.80995735891478,2.17
1,5,37.88530236512828,41.0988225005194,0.8
1,5,32.89805810584712,56.14503581079589,1.12
1,1,25.76503154334737,79.74312691276874,0.15
1,10,25.97565742108503,46.995357447794504,1.9
3,6,37.82400146127205,66.9057737410716,2.75
3,9,20.272680478116428,46.93584264824477,3.12
2,9,26.45453145453277,68.99147899833544,2.21
2,8,31.08713362432738,60.21414672951305,2.15
2,5,22.964349241986493,67.19886840357505,1.41
1,1,21.841975083991795,48.114927036569384,0.08
1,9,36.3055266218112,69.82513330082008,1.49
3,1,37.888087772970145,79.82476238490827,1.25
1,8,36.47212841596379,66.62602002503839,1.18
1,5,37.975757794746954,59.739199922915105,1.15
1,3,31.06223942116743,76.9269595447706,0.76
2,7,36.24516241980684,40.634073689275056,1.31
2,7,27.68085276782201,69.19694077143285,2.45
3,9,33.325357229580774,75.54986067255251,2.97
1,7,39.77671062778329,42.4669833448383,0.92
1,3,24.51455447678255,58.00256681663033,0.82
3,1,27.797994925821612,48.188778157999955,1.97
1,8,29.600947546201713,62.6607266235132,1.37
1,3,22.760309740401034,65.98171834414643,0.94
2,8,21.620772209301137,52.1049273171502,1.92
3,8,36.59445732643249,58.399266787124034,2.66
3,5,39.53588745655172,51.17357941106238,1.92
3,1,28.094501276593174,54.77564657820455,2.5
3,10,21.752996723893066,46.381598267536944,2.88
2,7,21.31623521381153,75.42237774342526,2.0
2,10,37.82636412720598,40.40041642236546,2.01
1,5,29.2762849945536,75.29636745775154,0.91
1,8,26.40054633124784,62.86715513398954,1.56
1,9,29.529225424787988,53.2663137670807,1.71
1,7,26.366081893846946,68.92228501841319,1.47
2,7,29.7807155061524,60.31008607450657,2.48
3,1,37.19112793835873,59.96434632430426,1.7
2,4,31.846027421241914,44.405691316758656,1.39
1,2,33.893075456203505,55.58064103781635,0.44
2,2,27.29341352468673,49.64257383426947,1.22
3,2,34.770117570210374,40.62783622385118,1.42
3,4,33.332341697587445,54.40398523128453,2.52
2,1,22.39123995504113,43.592885177024186,0.84
2,4,31.452857062311693,50.27320150900741,1.54
2,2,25.134869926195158,43.70066484732378,1.1
1,5,36.08191339267186,44.03766502225595,0.66
2,3,28.51875416933879,47.96045177660753,1.66
2,8,39.89368330392975,79.99396977945601,1.51
2,4,21.850008758779275,40.08736571428995,1.33
3,1,35.60695725480317,65.54690544481622,2.04
3,1,33.474034670843125,45.64974792106229,1.53
1,10,35.34997661181411,76.82512546843103,1.41
1,3,26.150595909809127,43.745315733345166,0.86
3,9,29.841089787648013,78.20252748504946,3.29
3,7,35.93017039447417,64.43705549933912,2.42
3,2,24.6508266324171,40.05072307661961,1.49
2,9,24.520663935773044,75.76028791667224,2.26
2,10,31.02101906589865,60.86847205467673,2.71
3,2,30.471271590597116,50.50678941321938,2.23
2,3,25.645249408258657,70.69116710062521,1.63
2,10,25.961513010496454,77.0666221554748,2.45
1,2,25.55690326413131,59.34763292587176,1.07
3,3,35.43024123996975,52.62213897772443,1.89
3,6,33.03801731124921,71.55780495739707,2.56
2,9,36.64834366820506,67.27141991153819,1.93
3,9,39.50946056628044,75.5500993500109,2.56
1,7,29.48328592543973,67.70056051044772,1.23
1,3,21.333877628108976,49.74113355598145,0.39
1,4,20.961846208240708,77.26636999036076,0.94
3,6,25.913300785432384,44.19342988823965,2.21
3,5,38.65089178704902,50.71771000427391,2.09
3,2,30.4642610994175,60.80778430895542,2.43
3,6,25.435730321602584,62.629681042836054,3.26
3,3,27.983335890220392,40.61242346507622,2.2
1,8,31.971902148093417,71.2229090328376,1.52
2,2,33.05899316275685,54.46429273701558,1.34
1,1,23.078390195658102,56.25674164008551,0.74
3,9,39.54063353090352,72.37478177747784,2.71
1,3,30.895444539655777,55.17133566910178,0.79
3,1,22.713766355845586,41.88899505979019,1.85
3,7,37.87270506692268,47.05759081881401,2.31
1,10,21.492768621588574,78.23612689552729,1.19
3,5,38.15470866355025,42.816214496100564,1.68
2,5,39.93131312577965,54.197248038720645,1.4
3,1,34.00863598313008,60.12716668205378,1.97
2,9,35.408944421479795,59.7312330935424,2.57
2,7,26.74605672934973,40.15839772048571,2.12
3,8,38.83153705467868,60.046509258299615,2.77
1,9,30.594279322167353,55.35089831909637,2.03
2,6,34.6477689319511,78.8831734189823,1.59
1,5,38.48215431822559,46.366363359753194,0.4
2,6,39.50359951951017,54.1661678703798,1.31
3,2,36.664087131933485,56.77925940359279,2.16
3,4,26.0603501396406,55.627741484037955,2.07
2,3,39.33095033104165,66.6332331060745,1.11
3,7,32.56239062487143,48.62051430191075,3.29
2,9,38.612849527039195,48.84286211255967,2.09
3,5,33.52210051628704,69.16843794003412,2.35
1,6,26.14477923695441,60.01162074712718,1.17
3,10,27.40049048285632,56.60622704229242,3.83
1,2,31.00943554205881,46.768122067090076,0.83
3,3,35.80029683119764,47.501088916486665,2.05
1,3,26.3596510268067,40.42206547263602,0.68
3,9,31.59462332268384,43.65705075446837,3.06
1,7,26.91249987152803,62.273547787609644,1.62
2,8,36.31538809270214,75.67492520033639,1.68
2,10,29.334561875359007,51.4865906052223,2.85
1,9,21.534456537057704,53.10988903584513,1.58
3,6,23.321050429630727,44.624224424460486,2.56
1,4,21.222093352392648,55.545237824284115,0.85
3,1,29.986058920286503,41.48886818277317,1.87
2,8,22.126745946964544,76.70402785047601,1.97
3,7,22.282799386192643,66.92445392498115,2.71
2,2,38.820965200767546,79.62995237572875,0.77
3,8,37.453101443521106,75.31292650713975,3.11
3,5,29.041731936227322,58.91962374792611,2.94
3,7,39.71610641700411,60.78740124601508,3.07
1,4,20.003730563413264,47.623041860687756,0.65
1,5,32.27958912546788,58.48157371358222,1.14
2,8,32.3285635474374,76.12111493971247,1.85
2,1,29.148861117397765,42.03413694543285,1.45
1,1,27.938959458685858,74.54227211993239,0.38
2,4,29.10766270961215,53.63791206570439,2.18
1,3,28.299208721593608,75.9805106038524,0.61
3,10,34.609849549645986,77.63519625365939,3.09
2,2,22.70710869946568,66.83459548007625,0.98
2,3,23.952784411822602,66.57695146370712,1.43
1,1,23.61036456784847,58.110173508349604,0.6
2,1,25.24941170242529,73.4216089817483,1.02
2,6,30.505168375631666,78.46451033733132,1.77
3,5,22.224174946764375,71.00327201356477,2.31
2,8,37.363385906530084,64.87746935026837,2.2
3,2,25.947230626169446,64.27171583285347,1.79
1,4,23.250759749374158,73.9787960633465,0.67
2,8,33.51242619196486,61.64815063085193,2.54
3,6,20.761726011986386,72.15439544995291,2.51
1,1,32.399371297483285,60.35541020696983,0.88
2,4,33.96396861353,42.497770998956966,1.5
1,1,24.298330627734384,55.357880356166206,0.36
2,2,20.839281468872684,57.77763830685995,1.43
1,5,27.27290717838899,45.66468979946469,1.15
1,8,21.971884604838728,44.09985316756851,1.73
3,8,22.329556993466742,61.418597986278165,3.15
1,3,25.085224628897294,43.40574546224329,0.78
2,4,25.909358492535187,52.11780671560336,1.87
2,10,30.599406820428413,69.78387903852304,2.67
3,6,33.56783771006026,78.57728718271923,2.44
2,10,31.855418817403695,68.71482322207714,2.48
2,3,22.967206745790335,79.70502193811481,1.31
2,2,23.441720649052527,67.9335188511761,1.5
1,6,37.575384995858286,51.7517788261731,1.17
1,5,31.167046301282273,66.88210162021448,1.34
2,10,37.39875665795378,68.08627060787614,2.57
3,5,27.430930226397486,54.86907938465842,2.94
1,10,32.28800014862648,40.70855402437556,1.73
3,5,30.473268321092213,68.12799139101948,2.34
2,10,26.382469796409254,40.868003811021666,2.21
2,5,29.398307440671907,65.24752312240284,1.93
1,3,30.04981753653864,46.5446595497022,0.79
2,7,24.01541949513357,62.62414110992174,2.48
1,6,26.300207447534632,60.156521015224,0.96
2,4,35.82819501013951,40.540545692247306,1.01
2,2,38.31576478908254,54.51463267980414,1.04
1,9,27.19588187090599,64.04364669585212,1.73
1,1,26.139445644180363,73.94426207595119,0.32
1,4,23.90394329143765,75.54568455346069,0.68
2,1,33.56982337301162,59.35399880132893,1.07
2,6,26.461994033326746,69.13689949197753,1.89
3,4,39.75499078198377,52.658183061338306,2.24
1,5,26.513696041279065,53.6874562303463,1.37
2,5,27.882720935652564,47.77854076729255,2.05
2,9,32.06668392424069,62.477924399729574,2.49
1,1,36.0336858638261,52.58256603709461,0.5
3,2,29.39037330691267,43.374835857540205,2.17
1,6,28.453120675779168,67.40024346652714,1.55
3,5,39.91275667189616,68.31012830421592,1.96
2,7,20.20987282279889,54.39969675116231,1.86
3,3,37.901305777024916,43.068935978240916,1.93
2,3,22.98281651879475,57.05190869613703,1.44
1,10,35.71850552417827,57.69341832200862,1.51
1,2,32.358631196925955,66.74683539591572,0.54
1,3,26.836945709961842,52.61665565034734,1.26
3,10,37.47749911042037,67.30397119125222,2.87
2,1,20.25814455961984,74.85954167029553,0.93
1,5,24.533813041498473,49.49944169448799,0.94
1,5,31.33785592499072,79.15678224479599,1.05
2,7,27.03084520099396,55.45472548547228,2.42
1,4,32.20754990636655,50.69034740588247,0.61
2,3,20.482203868173336,56.86044730041162,1.46
2,1,22.32917860963425,43.775899036154364,0.61
2,8,22.541924804368783,45.028236260484626,1.92
2,3,23.785672918320188,56.57736187873326,1.57
2,2,29.186628816010856,70.497780877564,1.8
3,4,35.042573990871425,76.01248958297964,2.09
1,3,38.11077675857803,66.59271962865084,0.36
3,1,36.707450605684926,44.20878220952679,1.44
1,3,23.93775743551367,66.8807904872214,0.99
3,2,28.82301104461265,65.41711682811888,2.1
2,8,23.9882319551707,72.23055673173326,2.37
1,6,25.289436333343815,73.00994666608725,1.1
1,9,30.070939630237724,74.72812303115916,1.47
3,8,21.36218049447045,56.56526058316393,2.8
3,10,24.363486591865463,67.91457581408577,2.94
1,3,38.70756322614234,50.730014356892426,-0.01
3,5,29.32232585316978,79.97345119934016,2.37
3,7,28.907730519557443,47.0133696550744,2.83
3,5,20.291343095025578,40.404577266433435,2.12
2,8,24.947994941166915,45.95234858072704,2.15
2,5,37.32584871964363,71.03489158176507,1.93
3,1,23.292568565173376,57.87134706032846,2.01
3,5,28.302498790694422,57.90000991241713,2.52
2,4,20.286618117340026,78.20091678446674,1.03
2,6,29.566709633411115,76.78539632112296,1.89
1,3,20.420422134524344,52.44778951216037,0.53
1,5,36.392191061316,48.36232515123464,0.55
2,2,36.497075349742076,73.93928839734959,0.98
3,6,35.7548437660474,76.24076284177453,2.28
3,6,25.667281377822363,61.663876911939475,3.17
3,5,36.74474436443636,65.17694844468402,2.13
3,6,30.859962652105388,50.27657138769173,2.58
1,7,27.47616217734005,72.032107519141,1.8
2,5,32.50659919408466,65.28489713796093,1.88
3,1,20.24682092120748,60.14054045191986,1.68
1,8,22.859217552015043,42.40434224313583,1.15
3,4,34.84587076340526,76.63739850044615,1.78
2,9,24.883232174323062,64.61805681537624,2.52
1,10,31.960182346574992,47.707643787718716,1.96
2,6,27.702052056460595,64.25544467932211,2.53
2,1,37.09611557598523,67.09853416959893,0.66
1,3,39.048306119932874,61.03081346732902,0.75
1,3,37.671294567403805,68.7240695182409,0.52
1,10,25.412399893871935,63.25815791714497,1.95
1,4,23.883257380921645,77.91078328128593,0.65
1,6,29.4886978724147,42.14788314397227,0.78
1,7,20.146683016723607,44.24982833878242,1.17
1,10,20.516187857263635,46.94686547817359,1.3
3,4,31.06581279246,67.60684282417328,2.24
2,6,30.40898808330572,65.82383490999234,2.15
1,1,39.8916397807052,75.68235440838777,-0.42
3,8,24.036836707275164,69.31509811535594,2.65
3,7,25.162078583209368,60.33421950258369,3.25
3,9,22.270812846525732,79.67327169854522,2.79
2,3,38.350860193074894,50.64431824677197,1.01
1,2,35.556224889169016,73.32766639141815,0.38
3,1,36.44678222913695,57.07161488775677,1.9
2,3,38.055275759290176,65.94940555502937,1.45
2,5,30.497999734516767,69.09073881809736,1.62
2,2,29.023863829014473,65.35016348761346,1.34
3,3,26.60782947331233,45.620292124343734,2.31
1,4,31.78429228695711,57.71804042991731,1.19
3,7,29.08556793579645,62.45753511732497,2.78
3,3,29.031311732111504,73.96175036714388,2.02
1,9,38.73855727462278,57.745829951942895,1.43
1,8,39.6806302855826,76.74989219217005,0.99
1,4,35.929687786591614,57.614968921008426,0.87
2,1,35.13516180493856,61.95119437052047,0.88
1,1,33.611163235582026,71.85142731771204,0.34
3,1,23.321497046670274,63.322707376885745,1.81
1,1,21.18211641751309,78.40872289531299,-0.09
3,8,33.814526302265264,66.41343322056511,2.88
2,3,34.57572444513152,60.90837816270404,1.48
3,6,20.939459821962796,40.94367871123183,2.43
3,3,38.561035004576965,56.54931590321319,1.78
1,5,21.82281278889355,51.96993677040642,1.03
1,7,25.718010675424047,69.92422671549957,1.12
3,2,33.44779625597409,48.331107006141835,1.84
1,6,23.397451888089527,48.20880349176287,1.23
2,6,21.108317768844888,47.58076172949507,1.82
2,3,26.622929783282995,45.02462452624944,1.59
1,6,35.31943149710358,52.4402801468355,1.24
2,10,28.273573579705207,75.436884577737,2.49
1,10,33.059458438158785,70.9971388922382,1.83
3,5,31.59238194456273,69.41004865227174,2.86
3,2,20.44436964051161,71.89347222599851,1.69
2,9,39.77079974091413,50.77671557318287,2.25
1,8,20.828561776387755,75.49766763009951,1.41
1,3,39.3560547529697,45.492135005664174,0.24
2,8,30.997283567287965,53.45382906862328,2.28
3,9,39.26318054130133,63.469924758693715,2.84
2,3,22.29507198827671,44.11620353368002,1.41
3,3,29.808170383710262,69.205207511057,2.36
1,2,23.390081837321173,55.489841928139,0.58
3,8,21.01949754044885,71.376226624336,2.31
2,10,32.350582301246234,59.71585142338411,2.81
1,1,24.155668419233827,47.23498097701346,0.02
2,8,31.75394036575092,69.39047245421378,1.95
2,7,22.247289638979712,50.08575823355774,1.88
3,7,26.639729428654057,59.63241205072171,2.83
2,3,35.63265116106494,43.02133076627631,1.19
3,1,28.74103043684375,64.71466617648147,2.06
1,4,32.554908297946724,66.63431064865108,1.1
3,9,32.949158814910916,55.14696839891134,2.78
1,5,36.87510087974587,78.17691121284295,0.51
3,1,26.498455888132824,74.96675685928273,1.88
2,5,33.745911251650355,68.31763662959979,1.7
3,8,39.23231614092332,68.54608297974971,2.71
3,8,34.60486668715736,50.09606859768605,2.59
1,5,29.79740953435489,66.27260924353796,1.14
2,9,32.61434888983858,47.928250609420786,2.38
3,1,34.79365795526216,45.76012895679288,1.19
2,4,32.24551531387745,79.9787157681032,1.47
3,3,20.33351626979678,64.89503725892696,2.22
3,2,23.895469953744517,57.239514906287624,1.87
2,8,36.20936434430932,51.52658091535805,1.96
3,7,25.453012946249693,64.1568177464891,3.24
2,9,34.63124239122268,41.98374032880344,2.19
3,2,27.442404304833975,43.787239620191805,2.14
1,4,30.437686563158863,41.31426790961585,1.0
2,6,21.359465996388074,59.96679333050647,2.33
3,3,23.62451122099419,64.0242651674873,2.25
3,8,39.14393927038469,42.49919045431283,2.31
1,3,37.80276106893828,68.84897869995666,0.68
2,2,33.045502217981,49.21580286058258,1.19
3,3,29.19289194771475,67.40805815079464,2.16
1,6,33.515225857904476,79.27588560140983,0.83
3,2,32.372205781878776,67.64423480215405,2.09
2,8,31.37104511209224,75.32772211694434,2.03
3,1,21.183541437270836,77.9279402697227,1.48
3,7,32.65605221323014,59.47004193409262,2.7
3,2,35.37840089142337,68.09299917678828,2.16
3,10,39.881633092911514,74.07877014223368,2.66
1,6,20.221571051886194,54.26435651497545,0.95
1,2,34.603469066213535,50.45589266241579,0.36
2,2,31.435786318719607,77.86394291113355,1.33
1,10,28.681043521619134,69.05214001475272,2.1
1,8,22.55140349142742,48.787285335033054,1.3
2,2,28.181702972697522,57.963335707044536,1.66
1,7,27.087543659722705,71.85807078151237,1.52
1,3,26.056597779574844,61.88251963673768,0.87
2,8,34.61759246644415,65.99808392663556,1.84
2,7,34.01451042568527,70.1507280818021,2.05
2,8,31.78040181961823,64.88036755235922,2.18
3,7,38.773296265867444,61.60317287688783,2.67
3,6,26.99708768361709,69.98457137551094,2.81
2,7,24.87603875420359,69.10252141728803,2.12
2,5,33.11806626196799,65.19489600732716,1.7
2,7,23.97628121874806,54.39157653527718,2.01
3,1,26.300210143668494,56.23248368801086,1.86
3,1,24.492048801497695,78.8175419553639,1.58
1,9,21.383071354370024,44.495437291661034,1.52
1,5,36.54997483271347,50.740196690113414,1.12
2,5,25.090810858433223,59.69607036817343,2.25
3,3,29.460550066860414,73.46918744575143,2.24
3,5,20.86630546508624,46.54702654918911,2.5
3,3,33.98678932505286,51.078184724984396,2.01
2,9,26.611220046125815,42.63192871180956,2.07
1,9,34.8947345565842,68.23941064203274,1.92
2,6,28.248061209357324,49.52837741902464,2.18
1,1,23.915112128112494,55.54699002683802,0.25
1,7,30.263501645640716,57.74805788118671,1.9
2,7,22.610091192748797,75.65255742425822,1.72
1,10,28.810783197459894,56.45321161324947,1.98
1,10,26.34610954840973,45.809000796609965,2.04
3,4,38.239191683992665,60.97259753360484,2.44
1,8,21.2185744344144,78.51831978594518,0.99
2,6,33.88034828211484,64.30742564203244,2.21
2,4,23.655023319748718,79.3354888184229,1.57
1,4,26.380901486644795,73.6442923575548,0.79
3,2,28.310281261241318,41.43863024853651,1.96
3,2,38.160301787499485,66.33598381508168,2.07
1,4,24.851565321476503,51.47067510231535,0.66
1,5,21.826176050893405,62.384674225788956,1.37
2,8,26.37379207981047,51.17380763724906,2.51
1,6,22.093519410710666,53.95481666421162,1.29
3,4,22.57192971921105,76.92674847016718,2.12
1,7,31.477011959500533,48.26572739566821,1.74
2,8,21.218038661989866,74.96436472103322,2.39
2,2,20.61861762787132,41.21831232281987,0.83
2,7,34.288282029409956,43.63506153478593,1.93
2,2,27.23294189682089,74.18700165537055,1.75
2,2,22.507506984677466,65.22224123636781,1.16
1,8,25.072255417194164,69.88944552158202,1.6
1,2,32.84173014704798,48.37670683287417,0.73
1,9,25.510731342817024,61.483338223604136,1.49
1,1,29.890422502408157,69.48876894285219,0.73
2,9,22.433906134533444,65.0925654804105,2.15
3,1,31.76187275210894,58.86795067564838,2.08
1,10,26.321553676865282,78.39135145750859,1.98
3,10,32.539368690574335,67.04629333813781,2.75
1,2,36.16789764608046,76.31003200964952,0.42
1,6,32.232928387799845,69.19082046294724,1.61
3,6,25.914951251900412,69.41854114390733,2.6
2,1,25.114874030966007,43.200730790307176,1.19
1,7,26.54841917466896,54.37858487415774,1.83
1,8,23.292410264730098,74.33477626878633,1.06
1,2,23.623437017000402,49.304154485950235,0.72
3,8,35.81382203800336,44.620234646258645,2.81
2,9,27.6946515301489,53.04424226555174,2.72
3,6,28.719903611411716,48.81751539570456,2.76
3,5,31.880989311336222,77.01152779172621,2.12
2,9,31.793069903030954,74.71866568008525,2.54
3,9,21.347537430438514,59.987329211316165,3.12
2,1,36.63081572675331,42.45375497935472,0.59
1,3,23.54653106447879,68.58249384372625,0.69
2,9,34.46143272099338,64.93646925345058,2.4
1,2,35.45341976256333,78.82218682913984,-0.06
3,4,34.29799068182628,62.35812961081508,2.34
3,4,31.579552931082905,53.45574893611638,2.31
1,2,20.292179942177658,60.76086774314223,0.87
3,3,27.207509847263413,79.17053165618066,1.75
2,3,32.09678858725162,67.85449730132122,1.68
1,1,27.749025918450773,66.87904551708205,0.98
3,6,37.269597898256265,49.627263589035415,1.96
1,8,26.176045506992306,69.7441007024247,1.27
2,3,25.87069584917321,70.01087317887087,1.9
2,5,25.319953861853158,52.69155935103621,1.69
3,1,26.65561737921591,59.34855329562853,2.79
2,10,31.148099286283745,51.78413331761824,2.22
1,7,34.140305885451816,50.348202812971465,1.28
2,10,33.251358354775704,41.03584280997941,2.25
1,1,36.15435639962959,51.40846978613328,0.23
1,9,37.7182799099485,62.158797995130996,1.61
2,8,36.32158084686702,40.064047501961156,1.89
3,7,20.378908067487092,51.3287633523867,2.56
2,10,34.71835907103977,75.25641329293,2.06
1,7,24.16799147236663,63.74594340429444,1.69
1,5,22.658560854159653,64.31451296323922,1.22
2,5,32.76977569598271,56.13457220105413,1.86
3,5,26.394863908153898,67.05888573969645,2.75
3,1,21.142343267408865,47.597310649214364,1.81
1,8,22.75259468796723,72.74987241536766,1.23
1,1,20.018588337399223,44.66756479743599,0.26
3,4,38.064472546894145,66.24005418612437,1.96
2,9,20.492359676824773,53.645973032787325,2.41
1,9,24.18911539019022,69.90051882329908,1.62
1,5,28.325255613758145,61.990582050640796,1.52
3,4,27.13142651901638,58.094121539148645,2.53
2,3,38.23451753825552,46.77689608372988,1.21
3,3,20.80577891469084,65.4728585713741,1.89
2,5,30.24429415354103,78.99079373681653,1.67
2,10,33.60958925048748,73.0241369962806,2.56
2,1,38.63395947362338,42.40032770356047,0.76
1,5,32.40742504247442,55.049175134447644,1.17
3,6,36.07510472023525,77.02332036761086,2.62
3,7,21.674498756906967,60.121749902280854,3.04
2,9,27.718790218738548,66.48447303232717,2.78
1,3,27.47894268958135,76.50397382365563,0.93
1,2,37.725764329114355,74.95178761679523,0.37
3,3,23.0274234252655,60.07281502162044,2.63
1,9,23.037723446732606,57.50585210630408,1.67
1,7,26.57116299771597,53.58770473918348,1.75
2,9,21.089320947336752,68.76077772651564,2.3
1,2,23.6491608130498,51.47947197886173,0.54
2,5,39.3041927709147,49.99550425723601,1.36
3,4,28.563678797343456,54.2499957841512,2.6
1,2,32.640384168448726,47.08860227515168,0.34
3,9,34.52222518689274,67.8047926378307,3.14
3,9,27.33922814014401,64.64962597322449,3.3
1,6,22.94454148821034,59.315141364633746,1.35
1,6,24.131620324435616,55.613031170462186,1.59
3,8,26.265329531612206,76.36250171586926,2.91
1,6,32.721368407044515,41.16495139956421,1.3
2,1,27.96561098178109,70.76430974029196,1.23
2,4,20.13629395800256,76.07638286995555,1.07
1,7,30.468143701349437,57.85418317719704,1.53
3,2,38.43026783814835,62.02761965882587,1.27
1,9,36.24155222017358,77.77854751528152,1.46
1,8,36.504227425192624,48.49110061142058,1.04
3,8,35.90116035212262,60.8053939113874,2.77
3,7,26.474616512208474,58.98884508512852,3.2
2,4,35.303876675087835,50.3357059148148,1.47
3,2,22.86322715622386,72.74372921492431,1.8
2,3,33.15432294551907,75.98402379052943,0.87
3,6,32.83137133369989,71.27730319152835,2.79
1,5,20.511395981794692,47.814358433944335,0.98
2,8,35.759402671818634,43.46994542005526,2.29
2,6,38.06496210190261,64.2177794122137,1.59
2,6,25.348305569442154,42.283790420395356,1.52
1,1,36.24781448372302,66.91303554232337,0.5
1,4,21.648119437238964,61.21696881308971,0.92
1,5,31.99935716522132,66.51142930974655,1.25
1,3,29.712937306685543,63.606830945989756,1.32
1,9,30.91847066618,56.90810278108691,1.92
2,1,38.5241040376869,48.03508720560913,0.82
1,6,37.42630494493707,52.22808543241954,1.02
2,6,35.70167314479514,60.98002296875906,1.57
1,10,25.47396915356742,66.07472374590424,2.17
3,5,38.23637257372184,71.17932067538113,2.35
2,5,21.950153849277505,70.68682873796243,1.74
3,10,37.066584331175754,78.9075497304434,2.47
2,5,26.563201447072156,51.43365794653638,1.88
3,6,21.075446233239667,42.844428328537475,2.6
1,8,33.38713968481497,53.82627742167437,1.39
1,2,24.62559856631911,69.73177900896306,0.87
1,6,24.871422517292636,57.524466041331806,1.41
2,1,26.12094332457543,72.71153722357678,1.34
3,4,21.273695350050335,61.9730546074406,2.24
1,10,23.54254288396508,77.19166890522013,1.65
3,3,20.102792551711207,77.91453767996275,1.88
3,9,28.908190422115737,42.77218024074995,2.84
1,3,21.685107548359426,58.25653758849697,0.85
1,6,33.65305210088398,64.38756244998272,0.69
3,1,24.712457023832968,50.234901632488516,1.77
1,6,38.87148288070354,56.28307117515921,1.09
1,4,37.42503254797305,67.10726164470793,0.91
1,8,25.788817899364165,49.06936907593446,1.67
2,9,35.664309093133575,64.0792541189781,2.01
3,4,36.06489809329612,67.89791312657223,2.35
3,10,39.73126228228821,43.619852443834674,2.46
2,10,31.9567997369137,59.901172641098114,2.82
3,6,21.639314692873242,50.523201196967634,2.27
1,1,32.93674457852762,68.97545423992179,0.27
3,4,32.49959496752071,47.58222034147762,2.04
1,7,32.76701154840863,75.68951662152426,1.23
2,1,26.14291296208423,57.23765346073307,1.36
1,8,37.19359170160666,47.92012121230214,1.3
3,10,39.189443659108235,57.52087185401317,2.99
3,6,24.35425025956303,56.34975051234112,2.44
3,5,21.763043162732888,57.15675837974841,2.54
2,10,23.89070066336968,63.42245173989788,2.27
2,9,36.411042785114375,60.8469489965415,2.14
3,2,33.53289269639695,45.99108526723611,1.77
1,5,32.72094684678253,42.623162905865456,0.78
2,6,28.03586270218849,69.17661794906162,1.79
3,7,31.556559430228717,62.388697437132535,3.2
3,5,26.157482505487348,54.36003072317055,2.97
2,9,29.544001588359226,72.33431289992296,2.88
2,1,35.86126056741312,55.52233897043828,1.3
2,7,39.62483194910924,71.8386035840243,1.55
1,10,38.64977847179604,52.23024510049498,1.43
1,7,38.67731885692498,42.91381190180799,0.78
3,4,28.044474696942245,77.30558775199717,2.75
2,9,29.37579761013582,55.78204517125492,2.57
1,5,34.11270792737963,71.70770291397511,1.16
2,4,38.443838561025686,51.16576532889218,1.54
3,7,22.839885187041695,65.85460448494624,2.81
1,4,26.084837276543915,74.93243493030913,0.62
1,3,22.78493689188219,41.66576089359921,0.5
1,9,32.240170599189106,73.22543058744357,1.6
3,8,26.12601993775075,62.85332019887714,3.4
2,1,26.52215705025147,64.29887015634277,1.39
1,7,21.418319189759586,60.9263200322393,1.16
3,9,26.995921236151837,74.9790041313457,3.3
2,8,37.24993014803171,41.7373342894255,1.73
3,8,24.6614562378167,50.441135661433925,2.43
2,6,33.903749324201314,75.03050155436621,1.77
3,4,32.59256689877185,70.09382810127823,2.37
2,8,37.2696921673823,40.70580640714424,1.58
1,3,22.645758953020763,60.680251328388344,0.83
2,9,39.55179920690087,61.18290722850699,2.28
3,2,31.652572920807312,56.03528540511641,2.2
3,2,39.90948304693629,51.89573328247959,1.33
2,7,38.23029451731702,67.26899401649368,2.04
1,10,24.430345442262116,48.31161858819016,2.13
1,4,21.123240198066263,71.95794248286825,0.61
2,10,25.11278187590723,72.12148643069887,2.13
2,8,30.551272979988397,56.61045750291282,2.56
3,9,23.4319273413038,51.341920436385905,2.91
1,7,23.34919489035977,51.35512726362853,1.45
2,5,29.25187094210306,59.291652959848406,2.51
1,8,20.66535942338717,68.78316898997434,1.05
2,4,22.43776165064541,54.35474763975435,1.45
2,2,28.31722678815895,64.40173381831006,1.56
1,6,21.26259818415933,55.29937842330377,1.43
2,9,27.935101129110585,52.18092756605533,3.3
2,1,29.480125318968902,40.99438063663177,1.15
3,10,29.02533228146229,40.15656422941562,2.83
2,7,37.38349714806175,49.08830711328018,1.69
2,10,30.601249101034647,56.25625147203982,2.54
2,9,29.35960924956087,74.05044669448242,2.55
3,10,28.214184907833324,71.93936971721702,3.43
1,9,36.35246756608972,50.686610503519596,1.24
3,10,37.901132079996664,49.78161771937197,2.73
3,3,37.06484938394235,49.092882842801096,1.81
1,5,33.47093156262782,53.56949362115468,1.0
3,8,22.747234919373483,59.92794878246741,3.03
1,8,25.537399389840246,57.54671088126302,1.74
3,4,20.921261273639548,48.73092795125975,2.37
1,1,38.61648149980228,45.21805639774472,-0.06
2,1,33.215970593818206,40.503112499447816,0.79
3,4,34.92725768626483,46.158529546660155,1.81
3,6,26.23143479164458,68.21425480776473,2.7
3,8,36.91307044554685,49.74554277382332,2.7
3,6,25.19206567416957,58.74407240486039,2.49
2,9,20.032875142248994,63.65204595692979,2.21
3,9,27.52829925041388,75.47363611326429,3.35
2,2,31.415229619181467,75.55420393573678,1.35
2,10,29.57409715931045,69.82934934725435,2.7
2,1,37.24152285153194,41.406279681940056,0.84
2,2,22.108105719123337,63.0028167634166,1.23
1,5,31.076468812674513,71.46333883326025,0.93
1,4,30.25958699641815,40.69152179053453,1.06
3,4,25.62785964344326,61.98738454626313,2.71
1,9,36.44456225154021,74.31056583144118,1.19
1,8,35.05697311764413,58.96408303369068,1.15
3,6,34.65718374663662,40.16424811589794,2.13
3,1,37.52384956539112,40.440534333424296,1.49
3,2,34.455692012430426,56.665441496550024,1.88
1,6,24.636825834294527,46.20034669667018,1.22
1,2,34.11125423299382,66.57802628373038,0.85
3,10,26.154056267796875,68.35197059624616,3.32
2,5,24.84349300694941,47.115191818425146,1.78
3,5,21.460071857992546,75.5413315409794,2.35
2,6,34.88057160695354,57.676313799157036,1.69
2,6,34.22001923899622,45.71383630367695,1.55
3,6,24.689989553481873,70.57006392277582,2.77
3,2,34.98758033448312,71.5989800006709,1.83
3,10,38.35681766187106,65.5718189066183,3.0
1,3,22.160579149831584,74.13862212810213,0.58
2,6,24.6527327677355,69.49491888122685,2.14
1,8,35.00521588174631,75.28822948907963,1.33
1,1,25.490133470141565,57.35552193941918,0.76
3,1,32.493279485674336,69.9038851239777,2.07
1,2,21.62328448927429,79.99006253716178,0.6
3,6,29.044049582070777,68.99724790078477,3.22
2,9,34.78182843985906,44.56735120948529,1.99
3,4,33.73027886086505,60.73274889716732,2.89
1,3,36.30144201351614,63.49391164972111,0.45
1,8,37.54904253206338,46.96842700285564,1.55
3,10,35.46367002517516,78.5156653671215,2.73
3,9,33.43175485877852,47.023191105384655,2.91
1,5,20.634449836320623,47.10231678852891,0.83
2,9,30.699333468188883,76.6066855189822,2.11
2,2,20.753954498297055,58.60821732486684,1.33
3,3,36.16135634232045,42.52753117098065,1.63
2,7,26.414490489199153,63.92749999754115,2.05
1,7,31.248587482358417,64.07305394532192,1.5
3,6,25.58890614637805,42.58003034746247,2.85
1,6,35.65000288760587,78.90089982534647,0.79
1,2,37.73005053283805,61.76119861178302,0.67
2,10,27.97284988426128,62.39182888719057,2.68
3,6,37.25844787021978,60.80461658009578,2.26
3,4,25.34150014912665,64.4292711857848,2.57
2,3,30.693218461510476,50.571990110950196,1.88
1,2,37.175228596774076,51.48965391899363,0.41
1,1,26.517626852315807,60.45356359184531,0.93
1,5,39.080845301561716,72.26743419054318,0.95
1,2,22.43759003562767,41.99458305976715,0.35
3,2,20.365501394470126,64.13616848880984,1.91
3,7,38.082707051563816,72.27112570025255,2.49
2,8,21.372973322957446,46.27669088148909,2.12
2,10,39.83778391894984,40.60090167922265,1.64
3,8,39.02793723958212,52.50853180565832,2.66
3,4,22.740418200726413,63.52574826918392,2.37
1,1,30.751692513851317,45.531326936189906,0.27
1,7,23.698405949342888,57.044894838899424,1.46
2,1,28.5631034606024,62.09285989497111,1.25
3,4,21.228502585196654,63.95532379029269,1.98
2,8,24.478491755931792,50.976468840015,2.26
3,2,27.26545592797799,56.00118543945165,2.46
1,6,28.772950004921096,71.13356916270234,1.27
2,6,39.549925164177864,77.64858776482743,1.18
2,9,36.157312913679625,74.4752132447303,1.89
3,5,34.748198886238924,62.571340069337275,2.57
1,10,30.740826294839486,56.41171211775786,2.32
2,4,36.79995521208687,53.31826457485673,1.58
1,5,26.78645671311422,44.998262643360725,1.35
2,10,34.17798225546632,44.26204988864452,2.07
1,5,39.87567950756344,67.53430499654631,0.69
3,8,26.292578178703977,50.39177664684642,3.23
2,10,33.48035069767935,50.18646745729787,2.15
2,8,36.886297283047654,79.92780217911142,1.63
1,2,38.31615166701344,47.51703831495182,0.42
1,7,34.35865381880204,45.922390379553185,1.2
2,8,25.672158468342726,43.947409110396826,1.97
3,6,26.52564303137893,63.192213806671845,2.54
1,5,20.415160642479286,65.11455304008406,1.24
1,9,35.21771955343019,54.60911705027527,1.17
1,3,20.85479212123903,61.416533420458705,0.89
2,10,37.29304709205491,71.5359812377965,2.1
2,4,22.373212289490777,72.72416673286993,1.67
2,9,23.437530242718484,78.31648302862592,1.95
2,6,29.530529416644747,72.97071943691498,2.49
3,8,34.75760830337485,62.59365746869706,2.99
3,7,22.780044103981552,47.18627863347384,2.75
2,2,28.80142150132997,43.990542308113696,1.19
3,3,29.657025488202095,42.18047559643437,2.08
1,1,24.245712833371826,66.66103327141535,0.51
1,9,22.311167533612636,72.30145021591971,1.88
1,7,36.72841845971279,60.34735802736316,1.39
2,1,30.04931299525531,42.188566993345596,1.2
1,3,20.28762471968306,61.41882298365353,0.84
3,4,36.05962602618207,77.42997046098202,2.07
2,4,39.6158761082917,63.904527637298415,1.06
3,5,32.11852390828494,72.3770995385126,2.81
1,3,30.074167741681414,72.00610593567002,0.63
1,3,37.568317260899235,77.28516399122611,0.32
1,1,39.05033579369197,70.80915062599493,0.39
2,7,35.09073831804921,69.90802056052358,2.28
3,10,28.909058594685757,49.36410659882562,3.5
2,1,31.84442798662881,42.39700621284326,0.9
2,2,34.018707300359985,60.703978602152304,1.41
1,4,23.88547142003603,44.97736831787021,0.83
2,4,28.94402064432876,78.48783505111965,1.62
2,5,36.5964252943457,51.596990505321145,1.31
1,2,33.09450696996886,74.11776813537173,0.71
2,4,28.22408134423708,55.50498500809837,1.93
1,1,33.26725068029363,52.9277699942951,0.3
1,2,22.364448241449196,77.40634289506485,0.27
1,1,28.029952211297527,54.532902883448955,0.79
1,10,35.86257075926113,55.61151634652546,1.44
2,10,24.41017574273296,44.243671184516366,2.58
1,4,23.719230151148352,66.81786661130037,1.0
1,4,39.01637319832863,51.553576579100536,0.89
2,7,24.197952591724615,63.42416671358029,2.21
2,10,25.21837159300336,63.65406816212838,2.47
3,9,39.39231877808676,68.76798782383068,2.47
2,9,34.694171405300516,69.80965944689765,2.14
2,5,33.991930660470565,60.57809737606158,1.78
3,10,37.058527677091625,53.239677904136116,2.9
2,1,22.316461644735885,73.49803579338936,1.02
2,1,34.119124731600145,52.394625976339384,0.97
2,6,30.073772186564778,60.30036377877326,2.24
2,2,36.5830128056828,56.05010332814912,1.09
3,8,30.162834373303888,74.20313543878753,3.03
2,9,32.404827085378244,57.27674124583315,2.41
2,4,29.55484252799072,55.44396755349937,2.08
3,5,29.56317847111688,67.5929477159055,2.75
1,8,35.35939956123663,64.09764439445772,1.49
3,3,32.57132801294566,44.289873339833846,1.97
1,5,32.665264032188205,60.32675225375853,0.91
3,3,29.005649676630515,69.41913553332991,2.59
3,10,30.62218992675055,79.68299058365426,2.94
2,3,34.91435332409574,65.16587335881276,1.42
1,3,36.518818382238365,54.81172265765271,0.69
2,7,33.931228042880925,49.04606399208474,1.9
1,7,38.48145977691367,74.9132093661328,1.2
3,7,36.40648176294402,72.58260848454012,2.23
3,10,31.237275796190367,49.35691283117539,3.57
1,8,33.428121452874734,48.02528360586294,1.52
2,5,38.526165538423925,68.60547107244702,1.4
2,5,32.38336088486117,52.59808247675038,1.74
2,4,36.496138959596614,52.25595193447831,0.98
2,7,33.77621007179974,46.09160988270621,1.71
3,10,31.038727221209328,50.5590207883932,3.19
3,4,24.836763908307063,57.10030230370599,2.52
3,2,28.51995038936856,69.31353349089662,2.44
3,4,39.354856496674316,53.45232377654999,2.41
3,8,33.155307665452,53.144173579193705,2.96
2,9,31.287907606779793,51.39653010209743,2.45
2,3,38.65913251056455,59.131346700441725,1.2
2,7,31.730235620748974,47.225467917652615,1.66
2,9,30.52165036834806,59.42522936128502,2.49
3,4,35.186217103004104,68.1670222477876,2.14
3,10,34.253312379730886,41.19162016130489,3.11
3,3,23.863200168168653,40.39117521223047,2.05
1,5,29.426165491482422,43.00491640618037,1.08
2,1,29.450308856391704,61.42640246912448,1.33
2,3,27.564490304866894,74.17820332741613,1.15
3,8,30.345869643045063,40.19537864081008,2.4
2,8,28.262147954542883,77.46645218338725,1.9
2,4,23.986909789423663,44.25114046282143,1.43
3,2,28.247329745493623,73.67934112232905,2.31
1,8,21.445538951463533,59.31419059931787,1.75
1,8,31.515717255488234,66.37429549115376,1.76
1,10,37.073090978822236,60.4273193778873,1.63
3,4,34.5057416870911,59.08192900717418,2.59
2,3,27.207880801082226,73.39597713457566,1.36
3,2,21.741424111546163,70.23545518271266,2.05
3,9,24.042987984505416,59.336089460920164,2.9
